ObjectID,State,District,LOR_ab_2021,AccidentYear,AccidentMonth,AccidentHour,DayOfWeek,AccidentCategory,AccidentType,AccidentTypeDetail,LightingCondition,InvolvingBike,InvolvingCar,InvolvingPedestrian,InvolvingMotorcycle,InvolvingHGV,InvolvingOther,RoadCondition,GraphicCoord1,GraphicCoord2,LongitudeWGS84,LatitudeWGS84
218376,11,4,4400835.0,2021,12,9,7,3,5,7,0,0,1,0,0,0,0,1,"792982,1681","5822449,339",13.31443214,52.47340507
218375,11,4,4100101.0,2021,11,6,3,3,2,6,2,0,1,0,0,0,0,1,"791122,5362","5829417,634",13.2932244,52.53686995
218374,11,1,1200520.0,2021,12,16,1,3,5,3,2,1,0,0,0,0,0,1,"794587,2345","5828459,374",13.34331093,52.52641805
218373,11,12,12100204.0,2021,12,16,4,3,1,5,2,0,0,0,1,0,1,0,"794142,7497","5832613,152",13.3404565,52.56389391
218372,11,2,2400522.0,2021,12,17,2,3,2,6,2,0,1,0,0,0,0,1,"802114,4944","5827735,473",13.45327344,52.51581084
218370,11,4,4501045.0,2021,12,16,3,3,6,2,1,0,1,1,0,0,0,1,"793661,2698","5825321,637",13.32693229,52.49878934
218369,11,9,9502043.0,2021,12,17,6,3,4,2,2,0,1,0,0,0,0,0,"809215,4653","5823033,233",13.55322526,52.46969115
218368,11,10,10200421.0,2021,12,16,5,3,2,6,1,0,1,0,0,0,0,2,"812267,3375","5830685,873",13.60518377,52.53653211
218366,11,12,12601134.0,2021,12,14,5,3,6,2,0,0,1,1,0,0,0,1,"793956,8547","5836631,339",13.34128582,52.60001443
218365,11,2,2300315.0,2021,12,8,2,3,2,6,0,0,1,0,0,0,0,0,"800433,224","5825788,677",13.42681458,52.49928979
218364,11,10,10400835.0,2021,12,23,2,3,5,3,2,0,1,0,0,0,0,2,"811468,084","5828135,685",13.5910495,52.51413653
218363,11,6,6300634.0,2021,12,21,4,2,6,2,2,0,1,1,0,0,0,1,"792932,2193","5817743,298",13.30957101,52.43124315
218362,11,6,6200422.0,2021,12,16,3,3,5,2,2,1,1,0,0,0,0,0,"794097,2224","5817420,877",13.32637385,52.42772768
218360,11,4,4300416.0,2021,12,17,4,3,6,7,2,0,1,1,0,0,0,1,"791506,279","5826293,056",13.29612754,52.50865342
218358,11,11,11300725.0,2021,12,14,7,3,0,5,1,0,1,0,0,0,0,1,"804882,2994","5827751,149",13.49395047,52.51441121
218355,11,4,4501152.0,2021,12,15,3,3,0,1,0,1,0,0,0,0,0,2,"794116,7352","5824690,006",13.33306479,52.49288181
218354,11,7,7400721.0,2021,12,18,4,2,0,1,2,1,0,0,0,0,0,1,"798529,913","5823952,924",13.39721504,52.48387914
218353,11,4,4501152.0,2021,12,19,4,3,2,6,2,0,1,0,0,0,0,0,"793995,1716","5824713,824",13.33130044,52.49316082
218352,11,7,7200409.0,2021,12,22,6,2,0,7,2,0,0,0,0,0,1,1,"795495,762","5824441,301",13.35309714,52.48990757
218350,11,2,2100104.0,2021,12,14,5,2,6,4,0,0,1,1,0,0,0,0,"799112,9451","5826263,65",13.40784989,52.50427249
218349,11,12,12500930.0,2021,12,14,5,3,5,3,0,1,1,0,0,0,0,1,"793608,1481","5835165,981",13.33485298,52.58706692
218347,11,4,4400728.0,2021,11,19,2,3,6,2,2,0,1,1,0,0,0,1,"790702,3563","5822699,933",13.28118044,52.4768698
218345,11,8,8100521.0,2021,12,16,3,3,2,6,2,0,1,0,0,0,0,0,"803786,0217","5822151,349",13.47274032,52.46483316
218343,11,7,7100102.0,2021,12,8,6,3,4,1,1,1,1,0,0,0,0,2,"795544,5567","5825255,851",13.35453629,52.49718296
218340,11,4,4300412.0,2021,12,17,2,2,6,4,2,0,1,1,0,0,0,0,"790921,5976","5827403,163",13.28850749,52.51891763
218339,11,9,9401534.0,2021,12,15,3,3,5,3,1,1,1,0,0,0,0,2,"810899,7019","5820441,016",13.57552638,52.44550501
218338,11,4,4501041.0,2021,12,17,3,3,3,6,2,1,1,0,0,0,0,0,"793153,145","5825392,632",13.31953099,52.49969897
218336,11,1,1100207.0,2021,12,6,6,3,5,3,2,0,1,0,0,0,0,0,"798020,9509","5826589,921",13.39210135,52.50779465
218335,11,8,8200623.0,2021,12,22,5,3,5,3,2,0,1,0,0,0,0,1,"801768,1636","5821091,469",13.44216991,52.45645139
218333,11,6,6300629.0,2021,11,19,2,3,0,1,2,1,0,0,0,0,0,1,"791449,5825","5819050,085",13.28896465,52.44375054
218331,11,8,8100417.0,2021,12,12,4,3,5,3,0,0,1,0,0,0,0,0,"802350,324","5822951,708",13.45239681,52.47280317
218330,11,12,12400721.0,2021,12,11,6,3,5,3,0,0,1,0,0,0,0,1,"790135,2554","5842630,215",13.29028564,52.65584592
218329,11,5,5200527.0,2021,12,15,2,3,6,6,0,0,1,1,0,0,0,1,"782546,3835","5827197,855",13.1652329,52.52148094
218327,11,8,8100521.0,2021,12,9,6,3,2,2,0,0,1,0,0,0,0,0,"803804,5383","5821741,493",13.47263898,52.46114939
218326,11,1,1401048.0,2021,11,13,3,3,6,7,0,0,0,1,0,0,1,1,"795313,9172","5831021,201",13.35626805,52.54898951
218325,11,11,11200411.0,2021,12,21,1,2,8,1,2,0,1,0,0,0,0,1,"805845,6542","5831868,985",13.51189127,52.5507771
218324,11,2,2200212.0,2021,12,17,2,3,6,7,2,0,1,1,0,0,0,1,"800272,3469","5824378,904",13.42318123,52.48674198
218322,11,9,9200512.0,2021,12,12,4,3,1,5,0,0,1,0,0,1,0,0,"809143,29","5821526,217",13.55077033,52.45622631
218321,11,2,2500835.0,2021,12,17,6,3,2,1,2,0,1,0,0,0,0,0,"802486,2213","5826433,888",13.45755197,52.50393875
218319,11,7,7400927.0,2021,12,8,5,3,0,2,0,1,0,0,0,0,1,2,"800048,0156","5820844,754",13.41670876,52.45518697
218317,11,3,3200308.0,2021,12,18,5,3,5,2,2,0,1,0,0,0,1,1,"800172,6634","5836589,225",13.43274978,52.59624131
218316,11,8,8200832.0,2021,12,12,2,3,5,2,0,0,1,0,0,0,0,1,"800310,9326","5816738,053",13.41687705,52.41823199
218315,11,4,4100102.0,2021,12,14,7,2,9,1,0,0,1,0,0,0,0,0,"791172,6157","5829090,83",13.29367435,52.53391344
218314,11,9,9100304.0,2021,12,14,5,3,5,3,0,0,1,0,0,0,0,0,"804400,4061","5821740,578",13.48138146,52.46080962
218313,11,7,7300619.0,2021,12,17,3,3,1,5,2,0,1,0,0,0,0,0,"794759,1259","5821915,387",13.34004641,52.46766249
218311,11,12,12200309.0,2021,12,20,5,3,2,6,2,0,1,0,0,0,0,0,"792796,4389","5832752,821",13.32077477,52.56587168
218309,11,1,1300733.0,2021,12,16,6,3,6,4,2,0,1,1,0,0,0,1,"797688,6232","5831471,99",13.39159082,52.55173775
218306,11,3,3300516.0,2021,12,17,2,2,6,4,2,0,1,1,0,0,0,0,"800679,3497","5833789,866",13.437668,52.57087055
218305,11,12,12500930.0,2021,12,18,3,3,5,3,2,0,1,0,0,0,0,2,"793667,3618","5834564,786",13.33519173,52.58164566
218304,11,10,10200417.0,2021,12,16,3,3,6,4,1,0,1,1,0,0,0,0,"811338,8441","5831956,261",13.59272914,52.54844754
218302,11,12,12200411.0,2021,12,13,5,3,3,6,0,0,1,0,0,0,1,0,"793086,4339","5832223,601",13.32457347,52.56097145
218301,11,2,2400521.0,2021,12,1,1,2,5,2,2,0,1,0,0,0,0,1,"800868,0556","5828324,365",13.43549303,52.52177821
218299,11,3,3200205.0,2021,11,17,3,2,5,3,1,1,1,0,0,0,0,1,"797369,327","5835183,095",13.39022253,52.58517742
218297,11,8,8100311.0,2021,12,21,3,3,1,5,2,1,1,0,0,0,0,0,"800717,2691","5824364,225",13.42970068,52.48636552
218296,11,9,9100304.0,2021,12,15,1,3,0,7,1,0,1,0,0,0,0,1,"804394,2904","5822392,538",13.48188632,52.46665636
218295,11,8,8200730.0,2021,12,19,5,2,8,1,2,0,1,0,0,0,0,2,"801433,3664","5818795,923",13.43518647,52.43606043
218294,11,7,7400927.0,2021,12,12,3,3,0,3,0,0,1,0,1,0,0,1,"798711,2794","5821875,661",13.39801757,52.46515994
218291,11,1,1200623.0,2021,12,18,6,3,2,6,2,0,1,0,0,0,0,1,"795360,7416","5828617,89",13.35482036,52.52742051
218290,11,6,6200311.0,2021,12,1,1,3,8,1,2,0,1,0,0,0,0,2,"795798,7701","5819017,517",13.35273929,52.44112325
218289,11,3,3200206.0,2021,12,10,4,2,0,7,0,1,0,0,0,0,0,1,"797884,4959","5834606,428",13.3972856,52.57972658
218288,11,1,1200625.0,2021,12,14,1,2,5,3,0,0,1,0,1,0,0,1,"794701,0801","5828868,761",13.34534706,52.53002639
218286,11,10,10200629.0,2021,12,9,4,3,5,2,0,1,1,0,0,0,0,1,"811160,8121","5829063,29",13.58740363,52.52262449
218285,11,7,7400822.0,2021,12,9,7,3,1,3,0,0,1,0,0,0,0,1,"796812,2671","5821779,412",13.37006083,52.46533206
218283,11,4,4500938.0,2021,12,8,5,3,2,6,0,0,1,0,0,0,0,2,"791617,1147","5824496,835",13.29618309,52.49249125
218280,11,5,5100313.0,2021,12,17,2,3,3,6,2,0,1,0,0,0,1,0,"785396,3234","5830313,671",13.20979917,52.54793274
218279,11,11,11200512.0,2021,12,14,3,3,5,2,0,0,1,0,0,0,0,1,"802893,317","5831205,18",13.46787706,52.54647723
218278,11,7,7400928.0,2021,12,15,5,3,5,7,1,0,1,0,0,0,1,0,"799764,7425","5821857,796",13.41346209,52.46442287
218277,11,11,11400930.0,2021,12,6,3,3,5,3,2,1,1,0,0,0,0,1,"806249,8575","5826813,385",13.51317761,52.50524061
218274,11,5,5100315.0,2021,12,14,7,3,5,2,0,0,1,0,0,0,0,1,"784662,9878","5829704,407",13.19849137,52.54285381
218273,11,9,9200715.0,2021,11,15,3,3,2,6,0,0,1,0,0,0,0,1,"808386,6574","5819134,206",13.53746245,52.43521638
218272,11,6,6200420.0,2021,12,17,2,2,6,4,2,0,1,1,0,0,0,0,"792359,2987","5815602,873",13.29929766,52.41236077
218271,11,4,4501043.0,2021,12,15,2,3,6,2,1,0,1,1,0,0,0,1,"792859,4159","5824330,387",13.31428247,52.49033399
218269,11,9,9200819.0,2021,12,15,4,3,6,4,1,0,1,1,0,0,0,1,"810403,0834","5819864,254",13.56770712,52.44061838
218267,11,1,1200521.0,2021,12,13,4,3,1,5,0,1,1,0,0,0,0,1,"793690,0267","5828195,855",13.32989113,52.52453981
218265,11,9,9100203.0,2021,12,16,5,3,2,2,1,0,1,0,0,0,0,1,"804109,3365","5823598,227",13.47880373,52.47762135
218264,11,7,7100205.0,2021,12,12,2,3,0,2,0,0,1,0,0,0,1,0,"795995,9488","5824977,104",13.36091848,52.49443961
218263,11,9,9200715.0,2021,12,15,7,3,2,1,0,0,1,0,0,0,0,0,"809077,3254","5818202,557",13.54672885,52.42647716
218262,11,8,8401246.0,2021,12,7,4,3,6,2,1,0,1,1,0,0,0,1,"806083,2889","5817077,862",13.50180403,52.4180801
218261,11,6,6300632.0,2021,12,11,3,3,6,4,0,0,1,1,0,0,0,0,"792513,9198","5817273,386",13.30302488,52.42725425
218259,11,1,1100206.0,2021,12,17,4,3,5,7,1,1,1,0,0,0,0,1,"797910,1441","5827336,705",13.39114199,52.51454916
218258,11,11,11100309.0,2021,12,17,5,3,6,2,2,0,1,1,0,0,0,0,"805527,1404","5833410,203",13.50862698,52.56476865
218257,11,6,6100208.0,2021,12,19,6,2,1,1,2,0,1,0,0,0,0,0,"794750,0883","5820232,91",13.33842816,52.45258487
218255,11,1,1100309.0,2021,12,21,6,2,5,2,2,0,1,0,0,0,0,1,"799062,5815","5829002,155",13.40957161,52.52884681
218252,11,6,6400843.0,2021,12,17,3,3,5,3,2,1,1,0,0,0,0,0,"792010,4","5820633,783",13.29857707,52.45764913
218251,11,4,4400727.0,2021,12,11,3,3,2,6,0,0,1,0,0,0,0,0,"791261,7305","5823311,96",13.28992792,52.4820586
218250,11,11,11501341.0,2021,12,9,4,2,6,4,0,0,1,1,0,0,0,0,"806864,9288","5823715,972",13.51935885,52.47713538
218248,11,4,4400834.0,2021,12,19,5,3,5,3,2,1,1,0,0,0,0,1,"792969,0907","5822305,232",13.31411359,52.4721202
218247,11,7,7100102.0,2021,12,20,7,3,6,7,2,0,0,1,0,0,1,0,"795402,8131","5825327,547",13.35251798,52.49790241
218245,11,8,8100521.0,2021,11,16,2,3,6,2,1,0,1,1,0,0,0,1,"804066,0938","5821912,752",13.47663288,52.46253889
218244,11,4,4300622.0,2021,12,10,1,3,3,2,0,0,1,0,0,1,0,1,"793792,0451","5826929,47",13.33027211,52.51313237
218243,11,6,6300629.0,2021,12,9,4,3,6,4,0,0,0,1,1,0,0,0,"791864,063","5819147,303",13.29513047,52.44440102
218242,11,7,7300619.0,2021,12,20,1,3,5,3,2,0,1,0,0,0,0,1,"795078,8456","5821629,959",13.34448689,52.46493122
218240,11,9,9401329.0,2021,12,12,5,3,0,7,0,0,1,0,0,0,0,0,"812319,2143","5818649,62",13.59467099,52.42864275
218239,11,2,2200208.0,2021,12,14,3,3,5,2,0,1,1,0,0,0,0,1,"797916,269","5825263,65",13.38937697,52.49596341
218236,11,1,1100312.0,2021,12,13,5,3,2,6,0,0,1,0,0,0,0,1,"799590,4317","5826896,97",13.41543359,52.50968728
218235,11,3,3601450.0,2021,12,21,6,3,2,6,2,0,1,0,0,0,0,1,"801729,6655","5830075,952",13.44974324,52.53700167
218234,11,12,12500824.0,2021,12,21,2,3,5,3,2,0,1,0,1,0,0,2,"791412,7466","5835458,714",13.30279717,52.5908717
218233,11,11,11300826.0,2021,11,16,3,3,5,3,2,1,0,0,0,0,0,1,"803820,6939","5827214,009",13.47786412,52.51018936
218232,11,7,7601442.0,2021,12,10,2,2,6,2,0,0,1,1,0,0,0,0,"799553,6924","5815098,006",13.4043081,52.403946
218230,11,9,9502043.0,2021,12,14,4,3,6,4,0,0,1,1,0,0,0,0,"811096,6133","5821986,397",13.57985373,52.45924201
218228,11,10,10100207.0,2021,12,10,5,3,2,1,0,0,1,0,0,0,0,2,"810111,0976","5833266,005",13.57590431,52.56088498
218225,11,6,6300633.0,2021,12,14,2,3,0,7,0,0,0,0,1,0,0,1,"793236,6268","5819395,588",13.31548524,52.44589248
218224,11,9,9502043.0,2021,12,18,4,3,6,4,2,0,0,1,0,0,1,0,"811096,445","5821985,716",13.57985063,52.459236
218223,11,12,12500825.0,2021,12,10,5,3,5,3,0,0,0,0,0,0,1,0,"791932,115","5834135,087",13.30927614,52.57872739
218222,11,3,3400721.0,2021,12,6,4,2,2,7,2,1,0,0,0,0,0,0,"798024,781","5833256,667",13.39813671,52.56755109
218220,11,10,10400940.0,2021,12,17,5,3,5,3,2,0,1,0,0,0,1,0,"812391,3032","5824673,128",13.60136279,52.48258001
218219,11,11,11400931.0,2021,12,14,5,3,5,2,0,1,1,0,0,0,0,0,"806684,6153","5826909,665",13.51965164,52.5058593
218217,11,6,6300632.0,2021,12,14,6,2,5,3,0,0,1,0,0,0,0,1,"791932,2083","5817211,898",13.29444007,52.42701371
218215,11,8,8200727.0,2021,12,16,3,3,5,7,2,0,1,0,0,0,0,1,"801318,0602","5819541,273",13.43416736,52.4428048
218214,11,12,12200307.0,2021,12,8,5,3,3,6,0,0,1,0,0,0,0,0,"793522,2938","5834079,084",13.33262676,52.57736993
218213,11,7,7501133.0,2021,12,11,5,3,5,2,0,0,1,0,0,0,0,0,"798714,3346","5817581,963",13.39422345,52.42667041
218212,11,5,5100315.0,2021,12,7,4,3,5,3,1,1,1,0,0,0,0,1,"784280,9394","5830374,225",13.1934463,52.54905891
218211,11,1,1100416.0,2021,12,14,3,3,1,5,0,1,1,0,0,0,0,0,"798711,2702","5829565,357",13.40491439,52.53408772
218209,11,1,1300834.0,2021,12,4,5,3,2,6,2,0,1,0,1,0,0,1,"797837,6851","5830443,89",13.39286081,52.54244071
218208,11,6,6100103.0,2021,12,18,5,3,1,5,2,1,1,0,0,0,0,1,"793662,9399","5821550,528",13.32363504,52.46498199
218207,11,4,4501042.0,2021,12,19,6,3,2,6,2,0,1,0,0,0,0,0,"794021,718","5825929,344",13.33276338,52.50404303
218205,11,2,2200211.0,2021,12,15,7,3,6,7,1,0,1,1,0,0,0,1,"798285,3837","5824755,489",13.39434303,52.49120677
218202,11,1,1100308.0,2021,12,17,2,3,6,2,2,1,0,1,0,0,0,0,"797083,1658","5828186,105",13.37974976,52.52261416
218201,11,6,6300527.0,2021,12,8,5,1,6,7,1,0,0,1,0,1,0,1,"790479,4656","5818093,53",13.27390024,52.43569101
218200,11,1,1400938.0,2021,12,9,4,3,5,7,1,0,1,0,0,0,0,0,"794390,6226","5830781,906",13.3424787,52.54734416
218198,11,4,4501147.0,2021,12,12,5,3,5,7,0,1,1,0,0,0,0,0,"793116,3522","5824086,459",13.31784132,52.48800935
218196,11,11,11300722.0,2021,11,7,2,3,5,2,1,1,0,0,0,0,1,1,"803907,5438","5827891,56",13.47975866,52.51621366
218195,11,4,4501150.0,2021,12,19,7,3,6,2,2,0,1,1,0,0,0,0,"793444,8067","5823951,257",13.32254572,52.48662087
218194,11,3,3300413.0,2021,12,0,3,3,1,5,2,0,1,0,0,0,1,0,"803525,7105","5838712,082",13.48404804,52.61340642
218193,11,7,7100102.0,2021,12,22,1,3,2,6,2,0,1,0,0,0,0,1,"794982,8542","5825191,796",13.34622937,52.49691264
218191,11,2,2200209.0,2021,12,16,4,3,5,2,1,0,1,0,1,0,0,0,"797274,1707","5824519,636",13.37928278,52.48964423
218187,11,2,2200211.0,2021,12,8,6,3,5,7,0,1,1,0,0,0,0,0,"797934,485","5824575,815",13.38902943,52.48978784
218186,11,2,2400623.0,2021,12,13,7,3,2,1,0,0,1,0,0,0,0,0,"801225,8244","5827645,001",13.44013503,52.51549145
218185,11,10,10300731.0,2021,12,22,4,3,0,1,2,0,0,0,0,0,1,1,"809103,0305","5829470,168",13.55754883,52.52744117
218184,11,1,1300732.0,2021,12,8,2,2,2,6,0,0,1,0,0,0,0,0,"797278,2663","5832202,171",13.3862103,52.55850703
218182,11,6,6200314.0,2021,12,15,5,2,1,5,0,0,1,0,0,0,1,0,"795022,7724","5818097,29",13.34054375,52.43329309
218180,11,1,1200627.0,2021,12,16,7,2,6,4,2,0,1,1,0,0,0,0,"795566,0637","5828466,357",13.35770343,52.52595087
218177,11,1,1200629.0,2021,12,18,3,3,2,6,2,0,1,0,0,0,0,0,"794408,13","5827612,901",13.3399292,52.51892671
218176,11,4,4501045.0,2021,12,0,3,3,1,5,2,0,1,0,0,0,0,2,"794051,0802","5825395,995",13.33272375,52.49924601
218175,11,1,1400940.0,2021,12,14,4,3,6,4,0,0,1,1,0,0,0,0,"794875,4463","5832003,426",13.35069274,52.55803189
218173,11,7,7300619.0,2021,12,18,5,3,2,6,2,0,1,0,1,0,0,0,"794601,9045","5821840,682",13.33767273,52.4670776
218172,11,10,10200420.0,2021,12,10,6,3,5,3,0,0,1,0,0,0,0,0,"811956,1299","5830875,804",13.6007886,52.53841232
218170,11,11,11300721.0,2021,11,18,3,3,5,2,2,0,1,0,0,0,1,1,"804595,1612","5829938,906",13.49173592,52.53417948
218168,11,10,10400938.0,2021,12,13,4,3,5,3,0,0,1,0,0,1,0,0,"814657,3572","5829647,759",13.6393231,52.52585541
218167,11,3,3500934.0,2021,12,17,5,3,5,3,2,1,1,0,0,0,0,1,"800422,9449","5832306,713",13.43255313,52.55771837
218166,11,7,7400823.0,2021,12,17,6,3,1,5,2,1,1,0,0,0,0,1,"797295,533","5821444,838",13.37685555,52.4620702
218165,11,10,10200422.0,2021,12,14,6,3,6,7,0,1,0,1,0,0,0,0,"812106,9202","5831334,237",13.60343529,52.54243405
218163,11,10,10400835.0,2021,12,16,6,3,5,3,2,1,1,0,0,0,0,0,"811906,8985","5829738,912",13.59899829,52.52825262
218162,11,11,11100204.0,2021,12,5,4,3,5,2,2,1,1,0,0,0,0,1,"806899,0194","5832615,901",13.52806849,52.55687855
218161,11,4,4200308.0,2021,12,15,1,2,5,3,1,0,1,0,0,0,0,1,"790571,6881","5827337,151",13.28330744,52.5185124
218160,11,5,5100210.0,2021,12,15,2,3,2,6,0,0,1,0,0,0,0,1,"784196,6759","5830055,518",13.19193419,52.54624533
218158,11,1,1300834.0,2021,12,11,3,3,5,3,0,1,1,0,0,0,0,0,"798243,8498","5830472,38",13.39885781,52.54247391
218157,11,1,1401049.0,2021,12,9,7,2,6,2,0,0,0,1,0,0,1,1,"795874,1884","5831960,462",13.3653438,52.55710505
218155,11,12,12601235.0,2021,12,7,6,3,6,2,1,0,1,1,0,0,0,2,"795289,5645","5836366,954",13.36067023,52.59692238
218153,11,9,9501737.0,2021,12,10,6,3,5,3,0,0,1,0,0,0,0,1,"814060,6548","5820760,098",13.62218267,52.44655803
218152,11,1,1100310.0,2021,12,8,2,2,0,1,0,0,0,0,0,0,1,1,"799586,4109","5828475,093",13.41679552,52.52383491
218151,11,6,6100206.0,2021,12,16,1,3,0,3,2,0,1,0,0,0,1,0,"794999,0864","5819665,638",13.34158073,52.44736527
218150,11,12,12400616.0,2021,10,8,7,2,9,1,0,0,0,0,1,0,0,1,"786287,0386","5834279,744",13.22632176,52.58302376
218149,11,8,8100417.0,2021,10,14,7,3,5,2,0,1,1,0,0,0,0,0,"802487,4466","5823156,135",13.45459483,52.47455955
218148,11,8,8100415.0,2021,11,9,3,3,5,3,0,1,1,0,0,0,0,1,"801632,0486","5823755,141",13.44258075,52.48040159
218147,11,3,3601142.0,2021,11,18,5,3,5,2,1,1,0,0,1,0,0,1,"799177,295","5831110,598",13.41315591,52.54768283
218146,11,11,11100102.0,2021,10,16,6,3,5,3,0,1,1,0,0,0,0,0,"808694,1962","5834224,533",13.55596081,52.57028005
218145,11,4,4100102.0,2021,10,22,6,3,5,3,2,0,1,0,0,0,1,0,"791492,139","5829242,67",13.29850485,52.53510386
218144,11,2,2500831.0,2021,10,11,3,3,5,3,0,0,1,0,1,0,0,0,"802947,9548","5827093,539",13.4649341,52.50959497
218143,11,8,8100311.0,2021,10,21,3,3,6,7,2,0,1,1,0,0,0,0,"800506,0171","5824470,69",13.42669492,52.48743613
218142,11,6,6200419.0,2021,10,20,2,3,1,5,2,0,1,0,0,0,0,0,"793231,7019","5815867,093",13.31231889,52.41426285
218141,11,11,11501339.0,2021,11,12,3,2,5,2,0,1,1,0,0,0,0,1,"807284,579","5825417,152",13.52708647,52.49214567
218140,11,4,4400835.0,2021,10,8,4,3,6,2,0,0,1,1,0,0,0,1,"792988,806","5821755,623",13.31392035,52.46718252
218139,11,3,3601450.0,2021,11,12,6,3,0,2,0,1,1,0,0,0,0,1,"802413,1566","5829258,311",13.45904596,52.52929441
218138,11,9,9301126.0,2021,11,11,1,3,0,7,0,0,0,0,1,0,0,1,"810844,0638","5818473,954",13.57288133,52.42790855
218137,11,9,9502042.0,2021,11,10,4,3,1,5,0,1,1,0,0,0,0,0,"811925,0318","5822330,972",13.59232889,52.46185771
218136,11,1,1300733.0,2021,11,16,7,3,5,3,2,1,1,0,0,0,0,1,"797234,849","5831333,631",13.38479407,52.55074534
218135,11,5,5200423.0,2021,10,3,5,3,9,1,2,0,0,0,0,0,1,0,"781284,2751","5828382,481",13.1476825,52.53275557
218134,11,2,2200209.0,2021,10,11,2,2,5,5,0,0,1,0,1,0,0,0,"797495,3695","5824014,832",13.38208041,52.48499872
218133,11,1,1100313.0,2021,10,7,1,3,5,3,0,0,1,0,1,0,0,0,"799898,1093","5826521,573",13.41961536,52.50615338
218132,11,10,10200417.0,2021,11,16,4,2,5,3,2,0,1,0,1,0,0,0,"811335,4715","5831855,863",13.59258545,52.54754977
218131,11,7,7300517.0,2021,11,17,6,3,3,6,2,1,1,0,0,0,0,0,"794274,414","5822068,161",13.33306642,52.46929333
218130,11,7,7400823.0,2021,10,8,2,3,5,3,0,0,1,0,1,0,0,1,"797264,17","5820954,49",13.37595863,52.45769177
218129,11,12,12500926.0,2021,10,7,4,3,2,6,0,0,0,0,1,1,0,1,"793473,7862","5836106,614",13.3337088,52.59557157
218128,11,6,6100103.0,2021,11,13,4,3,1,5,0,0,0,0,1,0,1,1,"793328,7358","5821376,786",13.31857699,52.46360396
218127,11,1,1300733.0,2021,11,8,4,3,2,6,0,1,1,0,0,0,0,1,"797274,1279","5831288,117",13.38533092,52.55031593
218126,11,4,4300624.0,2021,10,19,4,3,1,5,2,1,1,0,0,0,0,0,"792875,3565","5826105,418",13.31607743,52.50623803
218125,11,5,5100208.0,2021,10,13,5,3,0,4,0,1,0,1,0,0,0,1,"782033,0035","5830190,332",13.16022606,52.54857861
218124,11,4,4200308.0,2021,10,10,6,3,0,7,0,0,1,0,1,0,0,0,"790322,9122","5827586,644",13.27986912,52.52088162
218123,11,11,11401034.0,2021,11,9,2,3,5,2,0,1,1,0,0,0,0,0,"806912,64","5827332,943",13.52339093,52.50952456
218122,11,5,5100210.0,2021,11,18,5,3,5,3,2,0,1,0,0,0,1,1,"784171,9311","5830042,375",13.19155902,52.5461404
218121,11,3,3601141.0,2021,11,7,3,3,2,6,0,0,1,0,0,0,0,0,"799193,9613","5831774,907",13.41399953,52.55362816
218120,11,11,11200411.0,2021,10,16,7,3,5,3,0,1,0,0,1,0,0,0,"805464,3224","5831368,482",13.50582435,52.54650541
218119,11,2,2400623.0,2021,10,13,5,3,5,3,0,0,1,0,1,0,0,0,"800313,1047","5827614,702",13.4266977,52.5157232
218118,11,6,6200313.0,2021,10,17,3,2,5,2,0,0,1,0,0,0,0,1,"795152,4188","5818236,299",13.34256796,52.43446929
218117,11,10,10400940.0,2021,11,17,2,3,6,2,2,0,0,1,0,0,1,1,"812343,1341","5823841,498",13.59987684,52.47515514
218116,11,1,1100205.0,2021,11,10,5,3,5,3,0,1,1,0,0,0,0,0,"796943,2605","5826780,722",13.37643947,52.51009263
218115,11,3,3601450.0,2021,11,21,1,3,2,6,2,0,1,0,0,0,0,1,"802303,7696","5829185,312",13.45737199,52.5287008
218114,11,1,1300733.0,2021,10,10,3,3,2,6,0,0,1,0,0,0,0,1,"797337,9384","5831214,758",13.38620355,52.54962354
218113,11,3,3100101.0,2021,11,18,7,3,1,5,2,0,1,0,0,0,0,1,"804090,6239","5842139,366",13.49551879,52.64380711
218112,11,10,10100314.0,2021,10,15,5,3,5,7,0,0,1,0,0,0,0,0,"809017,722","5830241,23",13.55701205,52.53439955
218111,11,11,11300620.0,2021,10,13,6,3,2,6,0,0,1,0,0,0,0,1,"803553,1429","5829753,701",13.47625163,52.53310086
218110,11,1,1300834.0,2021,10,16,6,3,0,7,0,0,1,0,1,0,0,1,"797933,3927","5830830,264",13.39461445,52.54585171
218109,11,1,1100309.0,2021,10,16,6,3,6,7,0,0,0,1,0,0,1,0,"798405,7529","5829042,158",13.39995388,52.52956532
218108,11,1,1401049.0,2021,11,14,2,3,5,2,0,0,1,0,0,0,1,0,"795878,3428","5831961,321",13.36540567,52.55711049
218107,11,9,9100203.0,2021,11,8,6,3,5,2,0,0,1,0,0,0,0,1,"804630,2502","5823363,388",13.48623552,52.47522627