ObjectID,State,District,LOR_ab_2021,AccidentYear,AccidentMonth,AccidentHour,DayOfWeek,AccidentCategory,AccidentType,AccidentTypeDetail,LightingCondition,InvolvingBike,InvolvingCar,InvolvingPedestrian,InvolvingMotorcycle,InvolvingHGV,InvolvingOther,RoadCondition,GraphicCoord1,GraphicCoord2,LongitudeWGS84,LatitudeWGS84
218106,11,3,3400725.0,2021,11,8,4,3,6,4,0,0,0,1,0,0,1,1,"798835,6389","5834949,976",13.41159065,52.58228444
218105,11,5,5200524.0,2021,10,15,6,3,2,6,0,0,1,0,0,0,0,0,"780031,9834","5827701,443",13.12869533,52.52729371
218104,11,7,7601341.0,2021,10,11,3,3,5,2,0,0,1,0,0,0,1,0,"797248,4973","5815552,985",13.37092637,52.4092807
218103,11,5,5100314.0,2021,10,6,4,3,5,3,1,1,1,0,0,0,0,0,"785134,9827","5829611,958",13.2053531,52.54177811
218102,11,12,12200309.0,2021,11,9,2,3,6,4,0,0,1,1,0,0,0,1,"793310,1237","5832736,002",13.32831681,52.56544439
218101,11,4,4501040.0,2021,10,11,3,3,0,6,0,1,0,0,0,0,1,1,"792389,9785","5825404,356",13.30833082,52.50021352
218100,11,3,3601449.0,2021,10,12,4,3,2,6,0,1,0,0,0,0,0,0,"801303,2317","5830332,944",13.44370802,52.53954104
218099,11,8,8100209.0,2021,11,16,7,3,5,3,2,1,1,0,0,0,0,0,"801186,2094","5821807,342",13.43427703,52.46318898
218098,11,8,8100209.0,2021,11,16,2,3,5,3,2,1,1,0,0,0,0,1,"801422,9244","5822254,935",13.43815504,52.46707035
218097,11,8,8100419.0,2021,11,6,3,2,5,3,1,0,1,0,0,0,0,1,"802290,7134","5823886,273",13.45236899,52.48121275
218096,11,11,11200512.0,2021,11,15,2,3,2,6,0,0,1,0,0,0,0,0,"803195,2199","5830293,935",13.47148395,52.53814206
218095,11,10,10100313.0,2021,10,10,7,3,5,3,0,0,1,0,0,0,0,0,"807811,5772","5830770,691",13.53977651,52.53982701
218094,11,9,9200819.0,2021,10,10,7,2,6,4,0,0,1,1,0,0,0,0,"810270,818","5820361,649",13.56622931,52.44515095
218093,11,4,4400835.0,2021,11,14,3,3,2,2,0,0,1,0,0,0,0,0,"793340,1376","5822278,867",13.3195374,52.47168472
218092,11,12,12200414.0,2021,11,18,5,3,5,2,1,1,1,0,0,0,0,1,"791910,1561","5831512,121",13.3066448,52.55522514
218091,11,8,8100417.0,2021,10,0,1,3,2,6,2,0,1,0,0,0,0,0,"802363,1547","5822767,133",13.45241784,52.47114171
218090,11,7,7300619.0,2021,10,12,4,3,2,6,0,0,1,0,0,0,0,1,"795319,726","5821655,708",13.3480451,52.4650319
218089,11,4,4500939.0,2021,10,4,3,3,0,2,2,0,0,0,1,1,0,0,"792438,0992","5824112,558",13.30790372,52.48860706
218088,11,7,7100103.0,2021,10,16,2,2,7,7,0,1,0,0,0,0,0,0,"795839,4808","5825400,693",13.35899668,52.49832157
218087,11,12,12200515.0,2021,11,18,4,3,0,2,2,1,1,0,0,0,0,0,"790182,0169","5834504,656",13.28384485,52.58297666
218086,11,4,4300619.0,2021,11,18,3,3,6,4,1,0,1,1,0,0,0,0,"792332,1522","5827222,257",13.30907791,52.51654154
218085,11,3,3501037.0,2021,10,15,4,3,5,3,0,1,1,0,0,0,0,0,"803515,9444","5832271,483",13.47800545,52.55568763
218084,11,8,8401139.0,2021,10,13,6,3,1,1,0,0,1,0,0,0,1,1,"803637,8936","5818672,758",13.46740459,52.43373719
218083,11,12,12200411.0,2021,11,15,6,3,2,6,0,0,1,0,0,0,0,0,"792875,5789","5832145,876",13.32140327,52.56038815
218082,11,2,2500728.0,2021,11,13,2,3,0,6,0,1,1,0,0,0,0,0,"803010,1261","5828274,061",13.46692237,52.52014127
218081,11,2,2200209.0,2021,11,14,4,3,3,6,0,1,1,0,0,0,0,0,"797060,7696","5823992,708",13.37567937,52.48503702
218080,11,4,4501149.0,2021,11,9,3,3,5,2,0,1,1,0,0,0,0,0,"793442,2495","5824124,351",13.32266058,52.48817396
218079,11,6,6300528.0,2021,10,11,7,3,5,3,0,1,1,0,0,0,0,0,"789118,3811","5816916,266",13.25291639,52.42585741
218078,11,11,11300620.0,2021,10,8,4,3,2,6,0,0,1,0,1,0,0,0,"803579,3915","5829710,823",13.47659825,52.53270194
218077,11,3,3601450.0,2021,10,11,2,3,1,1,0,0,1,0,0,0,0,0,"801836,492","5829920,906",13.45117267,52.53555284
218076,11,12,12100204.0,2021,11,7,2,3,5,3,0,1,1,0,0,0,0,0,"795309,6663","5833296,429",13.35823008,52.56938718
218075,11,7,7200307.0,2021,11,17,4,3,2,6,2,0,1,0,0,0,0,0,"794941,8833","5824322,315",13.34485788,52.48914047
218074,11,8,8100521.0,2021,11,13,6,3,2,6,0,0,1,0,0,0,0,0,"803058,1219","5822595,662",13.46246208,52.46921973
218073,11,4,4300412.0,2021,10,15,3,2,5,3,0,0,1,0,0,0,1,1,"791667,4541","5827502,271",13.29955554,52.51940771
218072,11,2,2500832.0,2021,10,16,5,3,0,1,0,1,1,0,0,0,0,1,"803110,1073","5826921,597",13.46715949,52.5079638
218071,11,5,5300841.0,2021,11,14,6,2,6,4,0,0,1,1,0,0,0,0,"789724,2993","5829341,266",13.27260029,52.53693046
218070,11,10,10200629.0,2021,11,6,3,3,1,5,1,0,1,0,0,1,0,1,"811017,4108","5828238,016",13.58452532,52.51531071
218069,11,1,1100310.0,2021,10,9,5,3,2,2,0,0,1,0,1,0,0,0,"799045,2331","5828482,918",13.40884968,52.52420214
218068,11,1,1100205.0,2021,10,20,7,3,5,7,2,0,1,0,1,0,0,0,"797049,1392","5826546,139",13.37778564,52.5079322
218067,11,5,5100105.0,2021,10,12,1,2,4,1,0,0,1,0,0,0,0,0,"785030,106","5831155,111",13.20513542,52.55566875
218066,11,5,5100317.0,2021,10,6,6,3,2,6,1,0,1,0,1,0,0,0,"786849,7816","5828186,689",13.22933917,52.52809962
218065,11,4,4501042.0,2021,11,15,2,3,2,2,0,0,1,0,1,0,0,0,"793522,1417","5825721,807",13.32524138,52.50245154
218064,11,3,3400827.0,2021,11,13,5,3,5,3,0,0,1,0,0,0,0,1,"799484,4246","5831946,369",13.41842557,52.55500541
218063,11,8,8100103.0,2021,11,10,5,3,0,5,0,0,1,0,0,0,1,1,"800626,9836","5823102,933",13.4272378,52.47510983
218062,11,1,1100309.0,2021,10,23,1,3,5,3,2,1,0,0,0,0,0,0,"798418,8708","5828959,836",13.40007279,52.52882024
218061,11,4,4200309.0,2021,10,13,5,3,5,3,0,0,1,0,0,0,0,0,"788853,2243","5827465,699",13.2581635,52.52057784
218060,11,8,8200623.0,2021,10,13,3,2,2,7,0,0,1,0,0,0,0,0,"802791,1725","5820807,225",13.45692195,52.45333793
218059,11,4,4300416.0,2021,11,19,2,3,0,2,2,1,1,0,0,0,0,1,"791944,3909","5826119,425",13.30241225,52.50686257
218058,11,3,3400619.0,2021,11,9,5,3,5,2,0,1,1,0,0,0,0,0,"795895,037","5835406,132",13.36872494,52.58798055
218057,11,3,3701660.0,2021,11,18,7,3,5,7,2,0,1,0,0,0,0,0,"800468,765","5829081,978",13.43031023,52.52878907
218056,11,8,8401241.0,2021,10,7,3,2,5,3,1,1,1,0,0,0,0,1,"804753,3717","5818467,071",13.48357462,52.43127338
218055,11,3,3701554.0,2021,10,7,4,3,2,6,0,1,0,0,0,0,0,0,"799216,2572","5829264,475",13.4120663,52.53111379
218054,11,5,5100104.0,2021,11,17,7,3,6,2,2,0,1,1,0,0,0,1,"785205,9081","5831816,467",13.20828984,52.56150633
218053,11,2,2200209.0,2021,11,20,1,3,6,4,2,0,1,1,0,0,0,1,"797474,3837","5824569,155",13.38226704,52.48997906
218052,11,4,4300623.0,2021,10,19,5,3,1,5,2,1,1,0,0,0,0,0,"792391,7045","5826624,419",13.30942772,52.51115016
218051,11,1,1100309.0,2021,10,12,6,3,5,3,0,1,1,0,0,0,0,1,"798077,705","5828852,787",13.39496255,52.52804734
218050,11,8,8200623.0,2021,10,9,4,3,1,5,0,1,1,0,0,0,1,1,"801978,5272","5820716,54",13.4449174,52.45297464
218049,11,1,1200623.0,2021,11,20,6,3,6,4,2,1,0,1,0,0,0,0,"795605,3734","5829372,036",13.35908649,52.53404817
218048,11,7,7601236.0,2021,11,17,3,3,2,6,2,1,1,0,0,0,0,0,"796415,44","5816593,8",13.35963683,52.41906254
218047,11,11,11501340.0,2021,10,15,5,3,5,2,0,1,1,0,0,0,0,0,"807248,7897","5824232,722",13.52546916,52.48155078
218046,11,2,2400624.0,2021,10,8,6,3,5,7,0,0,1,0,0,0,0,0,"801322,3579","5827685,135",13.44158966,52.51579785
218045,11,11,11300620.0,2021,10,10,1,3,2,6,0,0,1,0,1,0,0,0,"804183,7713","5829568,281",13.48535039,52.53108746
218044,11,3,3601245.0,2021,10,9,6,3,5,3,0,1,1,0,0,0,0,0,"800617,3466","5831413,708",13.43460346,52.54960693
218043,11,1,1300834.0,2021,11,11,2,2,3,6,0,0,1,0,1,0,0,0,"798274,413","5830102,186",13.3989748,52.53913891
218042,11,11,11501238.0,2021,11,13,5,3,3,6,0,0,1,0,0,0,0,1,"804890,7803","5825245,566",13.49178089,52.4919501
218041,11,3,3200206.0,2021,11,8,3,3,5,3,0,0,1,0,1,0,0,0,"798077,8972","5834696,722",13.40021258,52.58043003
218040,11,5,5400942.0,2021,10,16,1,2,8,1,0,1,1,0,0,0,0,0,"783937,7707","5822914,41",13.18203255,52.4823519
218039,11,1,1400938.0,2021,10,17,5,3,2,7,1,0,0,0,1,0,1,0,"794163,6027","5830362,721",13.33876917,52.54370908
218038,11,10,10400836.0,2021,10,11,2,2,6,7,0,0,1,1,0,0,0,0,"811559,1279","5827328,206",13.59163099,52.50684848
218037,11,9,9100304.0,2021,11,16,2,3,2,6,2,0,1,0,0,0,0,1,"804252,4835","5821523,253",13.4790129,52.45894416
218036,11,4,4200308.0,2021,11,20,5,3,2,6,2,0,1,0,0,0,0,1,"790332,7172","5827298,562",13.27976179,52.51829372
218035,11,1,1300733.0,2021,11,16,1,3,2,6,1,0,1,0,0,0,0,1,"797933,5279","5831857,225",13.39553789,52.55505696
218034,11,1,1401046.0,2021,10,9,2,3,5,2,0,0,1,0,0,0,1,1,"794726,8285","5830012,384",13.34673971,52.5402642
218033,11,6,6300632.0,2021,10,16,1,3,5,3,0,0,1,0,0,0,0,0,"791940,4084","5817218,89",13.29456643,52.42707201
218032,11,9,9100203.0,2021,11,20,7,3,6,2,2,0,1,1,0,0,0,1,"804094,2715","5823583,317",13.478569,52.4774961
218031,11,7,7601341.0,2021,11,19,1,2,5,3,2,0,1,0,0,0,0,1,"797247,4548","5815540,801",13.37090027,52.40917205
218030,11,10,10300731.0,2021,10,7,5,3,5,3,0,0,1,0,0,0,1,0,"809058,1138","5828645,6",13.55612261,52.52007708
218029,11,3,3601450.0,2021,10,12,6,3,6,4,0,0,1,1,0,0,0,0,"802225,618","5829352,841",13.45637575,52.53024568
218028,11,11,11300721.0,2021,10,7,2,3,5,3,0,0,0,0,0,1,1,0,"805199,7357","5828890,886",13.49965943,52.52444851
218027,11,8,8100312.0,2021,10,18,6,3,2,7,1,0,1,0,0,0,1,0,"801316,6396","5823977,973",13.43815179,52.48257301
218026,11,10,10100209.0,2021,11,9,3,3,2,7,0,0,1,0,0,0,0,1,"809241,9677","5831969,014",13.56191578,52.54975614
218025,11,6,6300633.0,2021,11,8,4,3,0,7,0,1,0,0,0,0,0,1,"792775,2687","5819176,196",13.30852417,52.4441729
218024,11,4,4501040.0,2021,10,12,6,3,2,7,0,0,1,0,1,0,0,0,"792344,6702","5825376,109",13.30764046,52.49998457
218023,11,9,9200715.0,2021,10,14,3,3,5,3,0,0,1,0,0,0,0,0,"808101,1796","5818953,866",13.53311015,52.43376102
218022,11,8,8100102.0,2021,10,6,4,3,5,7,1,0,1,1,0,0,0,0,"800181,045","5823643,841",13.42117876,52.48020349
218021,11,1,1100309.0,2021,10,10,3,2,5,2,0,1,0,0,0,1,0,1,"799055,3619","5829004,053",13.40946721,52.52886778
218020,11,4,4501045.0,2021,10,9,2,3,5,3,0,1,1,0,0,0,0,0,"793570,843","5825235,755",13.32552833,52.49806809
218019,11,12,12200310.0,2021,11,16,2,3,5,2,1,1,1,0,0,0,0,0,"792262,3708","5833932,26",13.31395729,52.57673185
218018,11,8,8100209.0,2021,10,20,3,3,2,6,2,1,1,0,0,0,0,0,"801442,7896","5822270,821",13.43846093,52.46720179
218017,11,11,11200514.0,2021,10,16,4,3,2,2,0,0,0,0,1,0,1,0,"803360,2606","5830068,24",13.47370386,52.53602738
218016,11,12,12200414.0,2021,11,14,1,3,3,6,0,0,1,0,0,0,0,0,"791930,3797","5831483,009",13.30691665,52.55495332
218015,11,12,12100204.0,2021,11,7,3,3,5,3,0,0,1,0,0,0,0,1,"794076,4531","5832619,157",13.33948659,52.56398355
218014,11,11,11100203.0,2021,11,16,7,2,0,1,2,0,0,0,1,0,0,1,"806745,753","5833995,125",13.52708985,52.56932554
218013,11,5,5300735.0,2021,10,22,7,3,5,2,2,0,1,0,0,0,0,0,"786568,4913","5830554,251",13.22724605,52.54947433
218012,11,10,10100312.0,2021,10,15,7,2,5,2,0,0,1,0,0,0,0,0,"807670,8435","5830165,945",13.53714809,52.5344868
218011,11,4,4300415.0,2021,11,17,4,3,6,2,2,0,1,1,0,0,0,0,"791057,7445","5826026,654",13.28930439,52.50650463
218010,11,10,10300734.0,2021,11,8,7,3,0,1,0,0,0,0,1,0,0,1,"810264,432","5827079,28",13.57238447,52.5053555
218009,11,1,1100309.0,2021,10,22,1,3,6,4,2,0,1,1,0,0,0,1,"798681,305","5828622,721",13.40362705,52.52565476
218008,11,4,4400728.0,2021,10,14,4,3,3,6,0,0,1,0,0,0,1,0,"790692,1584","5822710,234",13.28103969,52.47696757
218007,11,9,9501737.0,2021,10,8,3,3,0,1,0,0,1,0,1,0,0,1,"814249,8432","5820801,852",13.62499647,52.44682349
218006,11,9,9501737.0,2021,11,19,4,2,5,3,0,1,0,0,1,0,0,1,"814389,9642","5820801,91",13.62705147,52.44674347
218005,11,4,4501148.0,2021,11,19,3,3,6,2,2,0,1,1,0,0,0,1,"792840,653","5823207,393",13.31302029,52.48027672
218004,11,2,2100102.0,2021,10,16,5,3,5,3,0,1,1,0,0,0,0,0,"798253,095","5826076,455",13.39505167,52.50306522
218003,11,8,8100102.0,2021,10,12,5,3,5,3,0,0,1,0,1,0,0,1,"800440,5014","5823171,991",13.42456264,52.47583143
218002,11,7,7200413.0,2021,11,17,6,3,2,6,1,0,1,0,0,0,0,1,"796584,2577","5823887,767",13.3685892,52.48435537
218001,11,5,5100315.0,2021,11,12,2,3,2,2,0,0,1,0,0,0,0,1,"784654,1652","5829705,213",13.19836232,52.54286565
218000,11,9,9401431.0,2021,11,18,4,3,0,1,2,1,0,0,0,0,0,0,"811749,7432","5820487,522",13.58803638,52.44543781
217999,11,3,3601142.0,2021,11,18,2,3,5,2,2,1,1,0,0,0,0,0,"799204,493","5831108,446",13.41355387,52.5476486
217998,11,1,1200627.0,2021,10,9,7,3,0,1,0,0,0,0,1,0,0,0,"795535,4513","5828311,943",13.35711628,52.52458328
217997,11,7,7400721.0,2021,10,14,4,3,2,6,0,0,1,0,0,0,1,0,"797190,4799","5823108,341",13.37679563,52.477039
217996,11,4,4200309.0,2021,10,8,2,3,5,3,0,0,1,0,0,0,0,0,"789112,4857","5827277,363",13.26181026,52.51875196
217995,11,1,1100311.0,2021,10,16,1,3,4,6,0,1,0,0,0,0,1,1,"799736,8387","5827702,917",13.41831032,52.51683091
217994,11,1,1100206.0,2021,11,2,5,3,5,3,2,0,1,0,0,0,0,0,"797892,5135","5827458,585",13.39099207,52.51565129
217993,11,11,11300722.0,2021,11,15,7,3,5,3,1,0,1,0,1,0,0,0,"803429,3776","5828623,855",13.47340154,52.52304327
217992,11,7,7400824.0,2021,10,21,2,3,5,2,2,0,1,0,0,0,1,0,"797851,4918","5821927,723",13.38544545,52.46609599
217991,11,5,5300841.0,2021,10,11,5,1,6,4,0,0,0,1,0,1,0,0,"789363,7155","5829302,783",13.26726524,52.53677704
217990,11,5,5200633.0,2021,11,12,6,3,2,7,0,0,1,0,1,0,0,0,"783780,4504","5826915,792",13.183132,52.51831104
217989,11,3,3400725.0,2021,11,15,4,3,5,2,0,0,1,0,0,0,0,1,"800052,347","5835725,979",13.43019683,52.58857029
217988,11,3,11300617.0,2021,10,18,5,3,5,3,1,1,1,0,0,0,0,0,"802552,2848","5829317,226",13.46114425,52.52974526
217987,11,1,1100310.0,2021,10,18,4,3,1,5,2,1,1,0,0,0,0,1,"799027,0234","5828491,454",13.40858975,52.52428863
217986,11,8,8300935.0,2021,10,22,7,3,2,6,2,0,1,0,0,0,0,0,"802279,9903","5817821,367",13.44672174,52.42685806
217985,11,3,3601450.0,2021,10,8,6,3,5,2,0,1,1,0,0,0,0,0,"802331,1541","5829224,742",13.45781029,52.52903901
217984,11,1,1300733.0,2021,11,19,2,2,2,6,2,0,1,0,1,0,0,0,"797294,9706","5831270,088",13.38562127,52.55014295
217983,11,6,6200313.0,2021,11,17,5,3,6,4,2,0,1,1,0,0,0,1,"795237,1137","5818323,18",13.34388691,52.43520243
217982,11,2,2500835.0,2021,11,6,3,3,0,2,1,0,1,0,1,0,0,0,"802559,1699","5825951,587",13.45818524,52.49957546
217981,11,11,11100203.0,2021,10,10,1,3,5,2,0,0,1,0,1,0,0,0,"806921,9081","5834069,989",13.52975006,52.56989719
217980,11,8,8401243.0,2021,10,14,5,3,5,2,0,0,1,0,1,0,0,0,"805241,4801","5818114,277",13.49040982,52.42783928
217979,11,12,12500927.0,2021,10,14,3,3,5,2,0,1,1,0,0,0,0,1,"791980,3859","5835735,241",13.31139652,52.59304624
217978,11,3,3400721.0,2021,10,8,3,3,0,1,0,0,0,0,1,0,0,1,"798198,637","5833485,306",13.40089973,52.5695053
217977,11,5,5200629.0,2021,11,15,2,3,6,7,0,0,0,1,0,0,1,0,"784247,4382","5828503,777",13.1913532,52.53230585
217976,11,3,3500932.0,2021,11,19,7,3,0,5,2,1,0,0,0,0,1,0,"800958,9572","5832151,595",13.44029522,52.55603207
217975,11,4,4300620.0,2021,11,8,2,3,5,2,0,1,1,0,0,0,0,0,"794175,0708","5827073,661",13.33602753,52.51421852
217974,11,3,3300514.0,2021,10,11,3,3,5,3,0,0,1,0,0,0,0,1,"802074,0119","5836415,567",13.46057699,52.59363209
217973,11,6,6100209.0,2021,10,8,4,3,5,2,0,1,1,0,0,0,0,0,"794613,729","5821341,165",13.33740531,52.46259332
217972,11,6,6200314.0,2021,11,18,7,3,1,5,2,0,1,0,0,0,0,1,"795047,6008","5818123,402",13.34093095,52.43351378
217971,11,3,3601245.0,2021,11,14,1,3,1,5,0,1,1,0,0,0,0,0,"800733,4315","5830634,538",13.43560483,52.54255903
217970,11,8,8100416.0,2021,11,8,3,3,0,7,0,1,1,0,0,0,0,1,"801639,29","5823031,506",13.44203254,52.47391151
217969,11,12,12100101.0,2021,11,13,7,3,1,5,0,1,1,0,0,0,0,0,"795910,7514","5832723,169",13.36656166,52.56392208
217968,11,11,11200410.0,2021,10,11,6,3,5,2,0,0,1,0,1,0,0,0,"805119,8417","5832640,789",13.50192926,52.55810131
217967,11,2,2200210.0,2021,10,2,6,2,0,1,2,0,0,0,1,0,0,1,"798629,3219","5825080,287",13.39968482,52.49393012
217966,11,3,3300514.0,2021,10,14,2,3,6,4,0,0,1,1,0,0,0,0,"800852,8696","5836051,8",13.44227365,52.59104849
217965,11,3,3601346.0,2021,10,23,6,3,1,5,2,1,1,0,0,0,0,0,"799256,6943","5830524,27",13.4137951,52.5423837
217964,11,11,11200410.0,2021,11,9,3,3,2,6,0,0,1,0,0,0,0,1,"806153,2242","5832025,795",13.51655786,52.55200968
217963,11,10,10100316.0,2021,11,8,5,3,5,2,0,1,1,0,0,0,0,0,"810049,5972","5831660,092",13.57350027,52.54652869
217962,11,9,9100304.0,2021,10,14,6,3,5,2,0,1,1,0,0,0,0,0,"804749,5073","5822288,267",13.48700389,52.46552381
217961,11,4,4300623.0,2021,10,14,6,3,2,6,0,1,1,0,0,0,0,0,"792602,105","5826098,357",13.31205674,52.50632134
217960,11,5,5100316.0,2021,10,16,3,2,5,2,0,1,1,0,0,0,0,0,"784785,188","5828822,196",13.19953227,52.53488008
217959,11,11,11200512.0,2021,10,16,3,3,1,5,0,1,0,0,0,0,1,0,"804625,8803","5831131,757",13.493281,52.54485322
217958,11,1,1100310.0,2021,11,8,3,3,0,3,0,1,0,0,1,0,0,1,"799495,558","5828789,066",13.41574317,52.52669911
217957,11,8,8100105.0,2021,10,21,4,3,6,4,2,0,1,1,0,0,0,0,"800921,4304","5821918,317",13.43049149,52.46432957
217956,11,12,12100205.0,2021,10,8,4,3,2,6,0,0,1,0,0,0,0,0,"794545,0082","5834266,719",13.34784239,52.57849934
217955,11,4,4100102.0,2021,10,20,1,3,5,2,2,0,1,0,0,0,0,1,"791131,4395","5829157,434",13.29312735,52.53453253
217954,11,8,8100415.0,2021,11,14,6,3,6,4,0,0,1,1,0,0,0,0,"801404,6943","5823738,602",13.43922814,52.48037888
217953,11,10,11200515.0,2021,11,21,7,3,6,4,2,0,1,1,0,0,0,0,"806292,1149","5830214,913",13.51693025,52.53570218
217952,11,7,7300619.0,2021,11,9,4,3,1,5,0,1,1,0,0,0,0,0,"794671,3473","5821885,202",13.33873132,52.46743925
217951,11,11,11401137.0,2021,11,14,7,3,2,6,0,0,1,0,0,0,0,0,"806845,8315","5826435,88",13.52158287,52.50152252
217950,11,7,7501031.0,2021,10,16,1,3,2,1,0,0,1,0,0,0,0,0,"798792,7775","5819263,235",13.39687626,52.4416982
217949,11,10,10100104.0,2021,10,4,1,3,9,1,2,0,1,0,0,0,0,0,"810237,1918","5833872,594",13.57832561,52.56624903
217948,11,12,12100101.0,2021,11,7,5,3,6,4,0,0,1,1,0,0,0,1,"796688,3055","5832913,379",13.37816924,52.56520394
217947,11,1,1100414.0,2021,11,14,6,3,0,6,0,1,0,0,0,0,1,1,"797369,0494","5829284,307",13.38493317,52.53230241
217946,11,12,12100101.0,2021,10,19,1,3,5,2,2,0,1,0,0,0,0,0,"795784,4258","5832579,025",13.36457493,52.56269862
217945,11,6,6100209.0,2021,10,13,4,3,0,3,0,0,1,0,1,0,0,1,"794752,72","5821230,804",13.33934775,52.46152904
217944,11,4,4501149.0,2021,11,21,5,3,5,2,2,0,1,0,1,0,0,0,"793442,481","5824145,002",13.32268216,52.48835897
217943,11,6,6400838.0,2021,10,12,2,3,5,2,0,1,1,0,0,0,0,0,"787647,7533","5818144,944",13.23240479,52.43764858
217942,11,1,1200628.0,2021,10,14,6,3,2,2,0,0,1,0,0,0,0,0,"795540,1861","5828196,643",13.3570834,52.52354714
217941,11,9,9501736.0,2021,11,7,4,3,5,3,0,0,1,0,0,0,0,1,"812811,5275","5821336,077",13.6044026,52.45243554
217940,11,8,8100206.0,2021,11,14,5,3,6,7,0,0,0,1,0,0,1,0,"800781,7711","5823816,451",13.43015349,52.48142012
217939,11,7,7100102.0,2021,10,7,7,3,0,7,1,0,1,0,0,0,1,0,"795066,8314","5825796,031",13.34799814,52.5022838
217938,11,2,2500832.0,2021,10,18,3,3,6,7,0,1,0,1,0,0,0,0,"803312,5703","5826752,995",13.46997986,52.50634014
217937,11,8,8100314.0,2021,10,15,4,3,4,6,0,0,1,0,0,0,0,0,"800832,7626","5824170,238",13.43122135,52.48456313
217936,11,5,5200524.0,2021,10,18,2,3,2,6,1,0,1,0,0,0,0,0,"779564,4668","5827837,95",13.12193661,52.52875771
217935,11,6,6100210.0,2021,11,14,2,3,1,5,0,0,1,0,1,0,0,0,"795060,2477","5820952,306",13.34361488,52.4588665
217934,11,7,7601236.0,2021,10,13,4,2,6,4,0,1,0,1,0,0,0,0,"796422,408","5816577,025",13.35972414,52.41890838
217933,11,3,3501037.0,2021,11,17,1,3,2,6,1,0,1,0,0,0,0,1,"802085,9086","5832803,097",13.45746045,52.5612475
217932,11,4,4300619.0,2021,11,15,4,3,5,2,0,1,1,0,0,0,0,0,"792974,7296","5827558,147",13.31881632,52.51920785
217931,11,9,9301025.0,2021,11,13,7,3,2,6,0,1,1,0,0,0,0,0,"810918,1698","5815533,258",13.57123625,52.40151287
217930,11,3,3400721.0,2021,10,11,7,2,1,5,0,1,1,0,0,0,0,0,"798314,333","5833182,48",13.40232939,52.56672751
217929,11,5,5300736.0,2021,10,14,7,3,4,6,0,1,0,0,0,0,0,0,"786693,7021","5829273,484",13.22798217,52.53792556
217928,11,4,4500939.0,2021,11,19,5,3,1,5,2,1,1,0,0,0,0,1,"792196,7217","5824902,042",13.30505126,52.49581389
217927,11,1,1200628.0,2021,11,6,6,3,0,7,1,0,1,0,0,0,1,1,"796430,4008","5828610,269",13.37053492,52.52677163
217926,11,11,11300721.0,2021,10,13,1,3,1,5,0,1,1,0,0,0,0,0,"804593,5231","5829087,984",13.49093223,52.52655399
217925,11,3,3400620.0,2021,10,16,4,3,5,3,0,1,1,0,0,0,0,1,"796657,1219","5833995,843",13.37867873,52.57492395
217924,11,1,1100415.0,2021,11,11,5,3,2,2,0,0,0,0,1,1,0,0,"797701,712","5829243,391",13.38978625,52.53175407
217923,11,11,11400931.0,2021,11,23,3,3,1,5,2,0,1,0,0,0,0,1,"805713,4218","5827200,458",13.50565423,52.50901053
217922,11,8,8100415.0,2021,10,14,5,3,5,3,0,1,1,0,0,0,0,0,"801152,6025","5823757,831",13.43554468,52.48069031
217921,11,2,2500833.0,2021,10,9,5,3,0,1,0,0,0,0,1,0,0,1,"802077,0318","5827362,027",13.45238404,52.51248438
217920,11,10,10100209.0,2021,10,4,2,3,5,3,2,0,1,0,0,0,0,1,"809975,4982","5832063,059",13.57278714,52.55018203
217919,11,7,7300619.0,2021,11,10,6,3,6,4,0,0,0,1,0,0,1,0,"795110,8042","5821377,992",13.34473315,52.46265523
217918,11,8,8100105.0,2021,11,17,1,3,2,6,2,0,1,0,0,0,0,1,"801070,5302","5821996,594",13.43275018,52.46494905
217917,11,1,1401048.0,2021,11,13,5,3,2,6,0,0,0,0,0,0,1,1,"795319,2782","5831484,193",13.35675868,52.55313693
217916,11,10,10400941.0,2021,11,15,2,3,5,3,0,0,1,0,0,0,1,0,"812402,9075","5824593,998",13.60145897,52.48186428
217915,11,2,2100106.0,2021,10,15,7,3,5,3,0,0,1,0,0,0,1,0,"798581,494","5825563,485",13.39941554,52.49828752
217914,11,4,4200308.0,2021,10,12,5,3,5,2,0,1,1,0,0,0,0,0,"790348,091","5827463,153",13.28013138,52.51976111
217913,11,11,11401032.0,2021,10,6,2,3,5,3,2,1,1,0,0,0,0,2,"806096,7321","5827685,281",13.51173038,52.51314073
217912,11,12,12601235.0,2021,11,6,2,3,5,2,0,1,1,0,0,0,0,0,"795160,7092","5836348,063",13.35875652,52.59682299
217911,11,11,11100204.0,2021,11,11,5,2,5,3,0,0,1,0,0,0,1,0,"806901,0865","5832629,137",13.52811113,52.55699601