ObjectID,State,District,LOR_ab_2021,AccidentYear,AccidentMonth,AccidentHour,DayOfWeek,AccidentCategory,AccidentType,AccidentTypeDetail,LightingCondition,InvolvingBike,InvolvingCar,InvolvingPedestrian,InvolvingMotorcycle,InvolvingHGV,InvolvingOther,RoadCondition,GraphicCoord1,GraphicCoord2,LongitudeWGS84,LatitudeWGS84
217517,11,12,12500930.0,2021,11,10,6,3,2,6,0,0,1,0,0,0,0,1,"793377,3939","5835176,886",13.33146636,52.58728918
217516,11,4,4501043.0,2021,10,14,6,3,3,6,0,1,1,0,0,0,0,0,"792679,0652","5825314,686",13.31249857,52.49925468
217515,11,11,11300721.0,2021,10,15,6,3,2,6,0,0,1,0,0,0,0,1,"804484,0582","5829889,528",13.49005777,52.533799
217514,11,3,3601141.0,2021,10,19,6,3,2,7,2,0,1,0,0,0,0,0,"798853,3246","5831816,941",13.40902815,52.55419194
217513,11,3,3500936.0,2021,11,15,4,3,6,4,0,0,1,1,0,0,0,0,"802705,3762","5831819,485",13.46567392,52.55208759
217512,11,1,1100310.0,2021,11,11,5,3,2,6,0,0,1,0,0,0,0,0,"799278,8488","5828514,269",13.41231101,52.52435497
217511,11,11,11401136.0,2021,10,16,6,3,5,3,0,1,1,0,0,0,0,0,"805668,8371","5825959,544",13.50386022,52.49791396
217510,11,12,12100103.0,2021,10,16,6,3,5,3,0,1,1,0,0,0,0,0,"795601,1007","5833255,665",13.36248124,52.56886359
217509,11,8,8401243.0,2021,10,19,3,3,2,2,2,0,1,0,0,0,0,0,"805546,2863","5818550,314",13.49527723,52.43157719
217508,11,9,9200715.0,2021,10,18,3,3,2,6,2,0,1,0,1,0,0,1,"808768,1166","5819044,377",13.54297296,52.43419615
217507,11,5,5200423.0,2021,11,7,3,3,6,4,0,0,1,1,0,0,0,1,"782092,2608","5828083,528",13.15930889,52.52965743
217506,11,2,2200208.0,2021,10,22,4,3,2,6,2,1,1,0,0,0,0,0,"797535,1286","5824986,801",13.38353201,52.49368968
217505,11,2,2500833.0,2021,10,23,4,3,5,3,2,0,1,0,0,0,1,0,"802036,5928","5827168,11",13.45161397,52.51076869
217504,11,6,6100205.0,2021,11,11,7,3,6,4,0,0,1,1,0,0,0,0,"794983,5146","5820025,88",13.3416704,52.45060305
217503,11,1,1300733.0,2021,11,9,1,3,0,6,0,0,1,0,1,0,0,1,"797384,1716","5831191,815",13.38686285,52.54939264
217502,11,1,1401046.0,2021,11,7,4,3,5,7,0,0,1,0,1,0,0,0,"794628,5084","5829879,802",13.34517661,52.53912887
217501,11,9,9100407.0,2021,11,23,7,3,9,1,2,0,1,0,0,0,0,0,"806391,8222","5821054,859",13.50997151,52.45355111
217500,11,12,12500929.0,2021,10,18,7,3,1,5,2,0,1,0,0,0,1,0,"794556,8116","5838557,852",13.35183335,52.6169592
217499,11,2,2100104.0,2021,10,0,7,3,2,6,2,0,1,0,0,0,0,0,"799261,8834","5826226,906",13.41000461,52.50386147
217498,11,4,4300517.0,2021,11,18,5,3,3,6,1,0,0,0,1,0,1,0,"791424,6598","5828602,153",13.29695124,52.52939781
217497,11,11,11300721.0,2021,11,20,5,2,2,6,2,0,1,0,1,0,1,1,"804564,5288","5829902,497",13.49125234,52.53387028
217496,11,8,8100207.0,2021,10,18,7,3,0,3,1,0,0,0,1,0,1,0,"800857,1332","5823454,302",13.43093312,52.47813254
217495,11,5,5100316.0,2021,10,13,4,3,0,6,0,0,0,0,0,0,1,0,"784814,5231","5828981,356",13.2001,52.53629177
217494,11,1,1100310.0,2021,11,22,5,3,1,5,2,0,1,0,0,0,1,0,"798943,8287","5827809,397",13.40675415,52.5182206
217493,11,10,10400835.0,2021,11,15,3,3,5,3,0,0,1,0,0,0,0,1,"811906,8705","5829738,712",13.59899769,52.52825085
217492,11,6,6200421.0,2021,10,17,5,3,2,6,0,0,1,0,0,0,0,0,"793344,9218","5817703,876",13.31558935,52.43066859
217491,11,5,5200629.0,2021,10,15,5,3,5,3,0,1,1,0,0,0,0,1,"784451,491","5828665,447",13.19449165,52.53364893
217490,11,11,11100101.0,2021,10,7,6,3,5,3,0,0,1,0,0,0,0,0,"806094,9247","5834574,408",13.51805179,52.5748835
217489,11,7,7501133.0,2021,11,6,2,3,5,2,2,0,1,0,0,0,1,1,"798365,9447","5818414,757",13.38985787,52.4343256
217488,11,12,12400720.0,2021,11,16,5,2,5,3,2,1,1,0,0,0,0,1,"789641,7935","5839723,212",13.28046123,52.63004866
217487,11,7,7400721.0,2021,11,12,3,3,3,6,0,0,1,0,1,0,0,0,"798266,6729","5823970,523",13.39336576,52.48418075
217486,11,9,9100306.0,2021,10,7,6,3,6,7,1,0,0,1,0,0,1,0,"804294,2863","5820116,452",13.47834448,52.44631203
217485,11,10,10100311.0,2021,10,11,5,3,2,1,0,0,1,0,0,0,0,0,"806488,3372","5829477,297",13.51913411,52.52898123
217484,11,8,8100314.0,2021,10,18,2,3,5,2,2,0,0,0,1,0,0,0,"800354,4046","5824333,67",13.42434531,52.48629139
217483,11,5,5100315.0,2021,10,15,1,3,2,6,0,0,1,0,0,0,1,0,"784333,593","5830127,742",13.19400969,52.54682145
217482,11,1,1300733.0,2021,11,1,5,3,5,2,2,0,1,0,0,0,0,0,"797170,1409","5831905,071",13.38435404,52.55590292
217481,11,1,1100416.0,2021,11,13,1,3,5,3,0,0,1,0,0,0,0,1,"798931,1762","5829608,377",13.40818547,52.53435278
217480,11,4,4501042.0,2021,10,17,2,2,5,2,0,1,1,0,0,0,0,0,"793968,9948","5826164,308",13.33219632,52.50617777
217479,11,6,6200311.0,2021,10,17,3,3,2,6,0,0,1,0,0,0,0,1,"796602,1964","5818373,827",13.36395349,52.43491792
217478,11,1,1100102.0,2021,11,18,5,3,2,6,2,0,1,0,1,0,0,0,"795237,9283","5826689,143",13.35130351,52.51019733
217477,11,4,4100101.0,2021,10,8,5,3,5,2,0,1,1,0,0,0,0,0,"793355,7609","5829670,942",13.32628004,52.5379432
217476,11,10,10100312.0,2021,10,16,6,2,5,3,0,0,1,0,0,0,0,1,"807841,2039","5829077,774",13.53864424,52.5246385
217475,11,1,1100101.0,2021,10,10,7,3,5,3,0,0,1,0,0,0,1,0,"795324,7405","5826262,234",13.35220021,52.50632342
217474,11,1,1100308.0,2021,10,15,6,3,0,2,0,1,1,0,0,0,0,0,"797013,7313","5828942,383",13.37940488,52.52943118
217473,11,6,6400737.0,2021,11,19,2,3,5,2,2,0,0,0,0,1,1,1,"784819,1199","5815922,887",13.18901364,52.41920553
217472,11,10,10400837.0,2021,11,16,5,3,2,2,1,1,1,0,0,0,0,1,"810306,174","5826003,977",13.57199561,52.49569537
217471,11,9,9301025.0,2021,11,10,4,3,6,7,0,0,1,1,0,0,0,0,"811296,4728","5816172,077",13.57737269,52.40702284
217470,11,4,4501043.0,2021,10,2,1,3,1,5,2,0,1,0,0,0,1,0,"792470,3158","5825282,621",13.30940404,52.49907915
217469,11,1,1200520.0,2021,10,8,2,2,0,1,0,1,0,0,0,0,0,1,"794543,6998","5829042,897",13.34318804,52.53167245
217468,11,7,7400927.0,2021,10,3,4,3,5,3,2,1,1,0,0,0,0,0,"798476,5658","5821909,468",13.39460309,52.46559125
217467,11,10,10200421.0,2021,11,11,6,3,5,2,0,0,1,0,0,0,0,1,"812195,2044","5830919,408",13.60434311,52.53866616
217466,11,5,5100101.0,2021,11,12,2,3,6,7,0,0,0,1,0,0,1,1,"785331,2205","5832501,649",13.21072273,52.56758388
217465,11,11,11100203.0,2021,10,23,3,2,9,7,2,0,1,0,0,0,0,1,"807728,3831","5833693,874",13.54126303,52.56607121
217464,11,4,4200311.0,2021,11,19,7,2,6,4,2,0,1,1,0,0,0,1,"789925,1236","5825062,24",13.2718238,52.49846156
217463,11,1,1300733.0,2021,11,19,1,3,5,2,1,1,1,0,0,0,0,1,"797164,2442","5831923,911",13.38428419,52.55607501
217462,11,11,11501341.0,2021,11,15,4,2,0,1,0,1,0,0,0,0,0,0,"806358,3083","5824417,427",13.51256724,52.48370645
217461,11,7,7100103.0,2021,11,14,6,3,6,7,0,1,0,1,0,0,0,0,"795662,5829","5824973,103",13.35601886,52.49458443
217460,11,8,8301036.0,2021,10,16,6,3,0,5,0,0,1,0,0,0,1,0,"803562,7757","5817816,557",13.46552583,52.42610478
217459,11,4,4300623.0,2021,10,14,7,2,0,1,0,1,0,0,0,0,0,0,"792649,47","5826097,044",13.31275145,52.50628417
217458,11,9,9300922.0,2021,10,21,7,3,5,3,2,0,1,0,0,0,0,0,"808176,3678","5815758,559",13.53126996,52.40508178
217457,11,2,2200208.0,2021,11,20,3,3,5,3,2,1,0,0,0,0,1,0,"797831,7117","5824902,564",13.3878123,52.49277285
217456,11,9,9200511.0,2021,11,19,5,3,6,2,2,0,1,1,0,0,0,1,"806623,6038","5822055,382",13.51429061,52.46238818
217455,11,8,8100104.0,2021,10,13,7,3,2,6,0,1,1,0,0,0,0,0,"800823,2679","5822596,951",13.42966273,52.47046646
217454,11,4,4300415.0,2021,10,15,6,2,4,2,0,1,1,0,0,0,0,0,"790787,1613","5826106,985",13.28539912,52.50736909
217453,11,6,6200313.0,2021,10,14,4,3,2,6,0,0,1,0,0,0,0,0,"795383,3709","5818429,033",13.34612564,52.43607237
217452,11,9,9401329.0,2021,10,12,3,2,3,6,0,1,0,0,0,0,1,0,"813703,0807","5818872,649",13.61516734,52.42984967
217451,11,5,5100313.0,2021,11,17,4,3,2,6,2,0,1,0,0,1,0,0,"785349,3009","5830145,067",13.20896272,52.5464457
217450,11,5,5100104.0,2021,11,15,3,3,5,2,1,0,1,0,1,0,0,1,"785204,3796","5831256,454",13.20778607,52.55648614
217449,11,10,10400939.0,2021,10,12,4,3,5,3,0,0,1,0,0,0,0,0,"812270,9006","5827750,853",13.60248054,52.51022899
217448,11,9,9501736.0,2021,10,18,4,2,5,3,1,1,1,0,0,0,0,0,"812506,469","5821294,466",13.5998891,52.45223713
217447,11,8,8100311.0,2021,11,20,6,3,1,5,2,1,1,0,0,0,0,1,"800551,9008","5824572,015",13.42746001,52.48831908
217446,11,1,1100206.0,2021,11,3,7,2,0,7,2,0,1,0,0,0,0,0,"797527,3616","5827550,12",13.38570865,52.51667112
217445,11,3,3300514.0,2021,11,15,4,3,1,5,0,1,0,0,0,0,1,1,"801610,8423","5836203,854",13.4535673,52.59199158
217444,11,12,12200308.0,2021,11,17,1,3,5,3,2,0,1,0,0,0,0,0,"792576,291","5833283,27",13.31800399,52.57074527
217443,11,9,9100408.0,2021,10,9,7,2,0,3,0,1,0,0,0,0,1,0,"806625,7374","5820410,953",13.51281196,52.44764903
217442,11,8,8401241.0,2021,10,12,5,3,2,6,0,0,1,0,0,0,0,0,"804039,4188","5819189,79",13.47376289,52.43814827
217441,11,5,5100312.0,2021,10,15,2,3,5,2,0,0,1,0,0,0,1,0,"784605,3116","5830949,821",13.19871059,52.5540503
217440,11,4,4200206.0,2021,10,15,1,3,0,6,0,1,1,0,0,0,0,0,"785811,5614","5825560,539",13.21182052,52.50509928
217439,11,10,10100315.0,2021,11,9,5,3,5,3,0,1,1,0,0,0,0,0,"809921,5604","5831425,786",13.57139954,52.54450181
217438,11,2,2100104.0,2021,11,13,6,3,2,6,0,0,1,0,0,0,0,1,"799063,2577","5826452,391",13.40728956,52.50599152
217437,11,7,7501029.0,2021,10,15,1,2,5,2,0,0,1,0,1,0,0,0,"797567,4749","5819724,343",13.37931331,52.4464997
217436,11,8,8100102.0,2021,10,17,5,3,0,4,0,1,0,1,0,0,0,1,"800481,8592","5823566,988",13.42552566,52.4793492
217435,11,4,4200308.0,2021,11,15,5,2,5,7,0,0,1,0,0,0,0,0,"790302,3738","5827712,922",13.27967749,52.52202464
217434,11,6,6400842.0,2021,11,8,4,3,5,3,0,0,1,0,0,0,1,0,"789616,7247","5819794,879",13.2627194,52.45140179
217433,11,11,11300721.0,2021,10,9,5,3,2,6,0,0,1,0,0,0,0,0,"804164,006","5829854,544",13.48532184,52.53366415
217432,11,12,12500926.0,2021,10,14,5,3,5,3,0,0,1,0,1,0,0,1,"793432,049","5836093,955",13.33308317,52.59548061
217431,11,1,1200517.0,2021,10,10,6,3,5,3,0,1,1,0,0,0,0,0,"793522,9213","5829121,3",13.32825216,52.53292594
217430,11,11,11501341.0,2021,11,3,2,2,0,1,2,0,0,0,1,0,0,1,"807230,8513","5824132,037",13.52511307,52.48065852
217429,11,6,6400737.0,2021,11,14,5,3,5,3,0,0,1,0,0,0,0,1,"786980,967","5817343,545",13.22193481,52.43081364
217428,11,1,1100207.0,2021,11,9,3,3,0,6,0,1,1,0,0,0,0,0,"798887,7606","5826816,385",13.40503839,52.50935039
217427,11,10,10400837.0,2021,10,12,1,3,5,3,0,1,1,0,0,0,0,0,"810625,4379","5825649,902",13.57635319,52.49234074
217426,11,9,9100306.0,2021,10,7,5,2,5,3,0,0,1,0,0,0,0,0,"803092,139","5820939,82",13.46145778,52.45435959
217425,11,4,4200309.0,2021,10,15,3,3,5,2,0,0,1,0,1,0,0,0,"789001,2995","5826835,346",13.25979222,52.51484808
217424,11,8,8200832.0,2021,11,15,3,2,5,2,0,0,1,0,0,0,0,0,"800308,5856","5816747,852",13.41685143,52.41832111
217423,11,5,5200631.0,2021,11,13,5,3,6,7,0,0,0,1,0,0,1,1,"784923,1964","5827541,283",13.20046364,52.52332331
217422,11,1,1100313.0,2021,11,16,1,3,5,3,1,1,1,0,0,0,0,1,"799894,6463","5826511,669",13.41955557,52.50606651
217421,11,1,1100206.0,2021,10,22,2,3,0,4,2,0,0,1,0,0,1,0,"797685,2449","5827905,76",13.38834675,52.51977285
217420,11,7,7100205.0,2021,10,10,5,3,5,3,0,1,1,0,0,0,0,0,"796286,2593","5825323,78",13.3654905,52.49738973
217419,11,10,10200524.0,2021,10,11,2,1,6,7,0,0,0,1,0,0,1,0,"812421,9804","5830373,551",13.6071628,52.53364474
217418,11,4,4500937.0,2021,11,8,2,2,5,2,0,0,1,0,0,0,0,0,"790959,8834","5824829,839",13.2868209,52.49582737
217417,11,1,1300836.0,2021,11,17,4,3,1,5,1,1,1,0,0,0,0,0,"796521,8269","5829892,919",13.37302284,52.53821953
217416,11,12,12200412.0,2021,11,8,6,3,0,1,0,0,0,0,1,0,0,1,"789269,644","5833658,856",13.26967846,52.57587984
217415,11,12,12400723.0,2021,10,17,2,3,5,3,0,1,1,0,0,0,0,1,"791424,0861","5838766,246",13.30587649,52.62051649
217414,11,11,11501340.0,2021,10,7,4,3,5,2,0,1,1,0,0,0,0,0,"807321,4363","5824797,328",13.52705605,52.48656998
217413,11,12,12500824.0,2021,11,13,4,3,6,4,0,0,0,1,1,0,0,1,"791394,5991","5835538,379",13.30260012,52.5915956
217412,11,1,1100312.0,2021,11,17,3,3,5,2,2,1,1,0,0,0,0,1,"799212,9045","5826986,872",13.40996824,52.51070032
217411,11,1,1200627.0,2021,10,21,4,2,0,1,2,0,0,0,0,0,1,0,"795642,8211","5828488,41",13.35885116,52.52610694
217410,11,5,5100208.0,2021,10,5,5,3,2,6,2,0,1,0,0,0,0,1,"781165,3738","5830801,745",13.14798209,52.55450941
217409,11,1,1200628.0,2021,10,15,6,3,0,2,0,0,1,0,0,0,1,0,"796254,54","5828498,282",13.36785047,52.52586337
217408,11,4,4200308.0,2021,11,8,2,3,0,1,0,0,0,0,1,0,0,1,"790223,0393","5828155,924",13.27889808,52.52603842
217407,11,12,12601236.0,2021,11,18,5,3,6,2,2,0,1,1,0,0,0,1,"794411,2819","5836222,837",13.34761279,52.59610669
217406,11,11,11300722.0,2021,11,17,2,3,1,5,2,1,1,0,0,0,0,0,"803980,6651","5828400,4",13.48129786,52.52073347
217405,11,10,10100205.0,2021,10,9,6,3,0,2,0,1,1,0,0,0,0,0,"807609,3662","5832375,49",13.53829067,52.55432327
217404,11,9,9300920.0,2021,10,9,5,3,5,3,0,1,0,0,0,1,0,0,"807565,9618","5815411,138",13.5220062,52.40231126
217403,11,3,3200308.0,2021,10,22,2,3,5,3,2,1,1,0,0,0,0,0,"799064,1495","5837540,484",13.41729228,52.60537847
217402,11,5,5300736.0,2021,11,14,2,3,5,2,0,1,1,0,0,0,0,1,"786104,2451","5829154,47",13.21921239,52.53716831
217401,11,2,2500833.0,2021,11,22,6,3,5,3,2,0,1,0,0,0,0,0,"802847,5366","5826942,46",13.46332154,52.50829662
217400,11,4,4300624.0,2021,11,23,7,3,0,5,2,0,1,0,0,0,1,0,"792810,0349","5826091,964",13.31510593,52.50615248
217399,11,7,7400720.0,2021,10,4,3,3,1,7,2,0,1,0,0,0,0,0,"796662,3631","5823539,967",13.36942653,52.48119524
217398,11,10,10200421.0,2021,10,8,4,3,3,6,0,0,1,0,0,1,0,0,"812216,5672","5830895,141",13.60463427,52.53843646
217397,11,11,11300722.0,2021,10,15,1,3,5,2,0,0,1,0,0,0,0,0,"804248,7531","5828690,781",13.48550249,52.52318653
217396,11,7,7601339.0,2021,11,11,6,3,1,5,0,0,1,0,0,0,0,0,"795612,9446","5816073,925",13.34741156,52.4148362
217395,11,5,5100314.0,2021,10,15,5,3,6,4,0,0,1,1,0,0,0,0,"785187,3616","5829672,823",13.20617561,52.54229641
217394,11,8,8200833.0,2021,10,15,6,2,5,3,0,1,1,0,0,0,0,1,"802523,8982","5816823,147",13.44939541,52.41777603
217393,11,8,8200726.0,2021,10,14,6,3,5,3,0,0,1,0,0,0,0,1,"801266,031","5819825,029",13.43366003,52.44537687
217392,11,9,9200510.0,2021,10,15,6,3,0,1,0,1,0,0,0,0,0,0,"805654,1836","5824202,802",13.50203374,52.48217748
217391,11,4,4500938.0,2021,11,16,2,3,0,4,0,1,0,1,0,0,0,0,"791839,1752","5824923,85",13.29981862,52.4962007
217390,11,9,9100407.0,2021,11,9,5,2,0,7,0,0,0,0,0,0,1,0,"806385,6512","5821047,171",13.50987393,52.45348566
217389,11,2,2100104.0,2021,11,10,5,3,5,2,0,1,1,0,0,0,0,1,"799293,1206","5826222,582",13.41045956,52.50380558
217388,11,12,12200309.0,2021,10,14,1,2,5,3,0,1,1,0,0,0,0,0,"793232,5482","5832405,46",13.32688346,52.56252305
217387,11,9,9100306.0,2021,10,18,3,3,2,2,2,0,1,0,0,0,0,0,"804496,4049","5819983,815",13.48118834,52.44501071
217386,11,1,1100102.0,2021,10,11,4,3,5,5,0,1,1,0,0,0,0,0,"796341,8805","5826794,059",13.36761603,52.51053921
217385,11,7,7601238.0,2021,11,14,2,3,6,2,0,0,1,1,0,0,0,0,"797385,0328","5817460,101",13.37462248,52.42630215
217384,11,5,5300840.0,2021,10,8,3,3,5,3,0,0,1,0,1,0,0,1,"788946,8395","5829017,855",13.2608883,52.53444377
217383,11,6,6300630.0,2021,11,16,7,3,2,7,1,0,1,0,0,0,0,0,"793317,0997","5818155,113",13.31557716,52.43472875
217382,11,8,8100103.0,2021,11,12,2,3,5,3,0,0,1,0,0,0,1,0,"800615,7216","5823134,508",13.42710095,52.47539904
217381,11,2,2200213.0,2021,11,10,3,3,5,7,0,1,1,0,0,0,0,1,"799833,5929","5824983,359",13.41728287,52.49240112
217380,11,7,7601339.0,2021,11,16,1,3,5,2,1,0,1,0,0,0,0,0,"795809,1168","5816026,344",13.35024548,52.41430368
217379,11,7,7601443.0,2021,10,12,7,3,5,3,0,0,1,0,0,0,0,0,"799944,2112","5815843,747",13.41069939,52.41041683
217378,11,3,3701554.0,2021,10,2,1,3,0,7,2,1,0,0,0,0,0,0,"799190,4572","5830048,402",13.41239279,52.53815466
217377,11,8,8100417.0,2021,11,14,3,3,5,3,0,0,1,0,0,0,1,0,"802247,3942","5823049,667",13.4509748,52.47373815
217376,11,5,5100312.0,2021,11,16,5,3,6,2,2,0,1,1,0,0,0,1,"784612,6459","5830966,648",13.1988329,52.55419733
217375,11,12,12400723.0,2021,10,23,1,2,1,1,2,0,1,0,0,0,0,0,"791939,7626","5839008,22",13.31368593,52.62240885
217374,11,2,2300316.0,2021,10,14,6,3,5,2,0,1,1,0,0,0,0,0,"800733,107","5826532,251",13.43189047,52.50578948
217373,11,8,8200730.0,2021,10,8,4,3,5,2,0,1,1,0,0,0,0,1,"801398,5931","5819152,925",13.43499839,52.43927952
217372,11,3,3601449.0,2021,10,15,3,3,3,6,0,1,0,0,0,0,0,0,"801211,3119","5830364,016",13.44238496,52.53987036
217371,11,4,4501153.0,2021,11,15,4,3,5,3,0,1,1,0,0,0,0,1,"794188,4024","5823674,999",13.33322134,52.48374419
217370,11,1,1400938.0,2021,11,11,3,3,2,6,0,0,1,0,0,0,0,1,"794787,8813","5831345,088",13.34882019,52.55217783
217369,11,6,6300629.0,2021,10,9,4,3,2,2,0,0,1,1,0,0,0,0,"791750,377","5819297,245",13.29359348,52.44580593
217368,11,2,2300315.0,2021,10,12,6,3,3,5,0,1,1,0,0,0,0,1,"800314,5749","5825823,779",13.42510363,52.49966973
217367,11,1,1300835.0,2021,11,13,6,3,5,3,0,0,1,0,0,0,0,1,"797153,3202","5830368,225",13.38273144,52.54213611
217366,11,8,8100209.0,2021,11,9,2,3,0,3,0,1,1,0,0,0,0,0,"801750,5076","5822054,743",13.44278161,52.46509517
217365,11,4,4501043.0,2021,11,10,5,3,5,2,0,1,1,0,0,0,0,1,"792870,4637","5824336,863",13.31445041,52.49038611
217364,11,1,1100310.0,2021,11,8,2,3,5,2,0,1,0,0,1,0,0,0,"798655,2745","5828142,33",13.40281311,52.52136298
217363,11,6,6300631.0,2021,10,15,6,3,5,2,0,1,1,0,0,0,0,0,"791485,6249","5816162,411",13.28697622,52.41784302
217362,11,3,3400829.0,2021,10,12,5,3,5,3,0,1,1,0,0,0,0,0,"799767,0416","5832816,615",13.42336766,52.56265021
217361,11,9,9502043.0,2021,10,7,2,3,5,3,1,1,1,0,0,0,0,1,"811617,8012","5823212,548",13.5886446,52.46993315
217360,11,6,6100210.0,2021,11,8,2,3,5,3,0,0,1,0,1,0,0,0,"795124,2674","5821277,195",13.34484162,52.46174437
217359,11,7,7601546.0,2021,11,17,4,3,0,1,2,0,0,0,1,0,0,0,"798543,5282","5814420,561",13.38889937,52.39842508
217358,11,1,1200522.0,2021,11,19,6,3,5,2,2,1,1,0,0,0,0,0,"794554,5093","5828335,867",13.34272054,52.52532858
217357,11,1,1100308.0,2021,10,12,2,3,6,4,0,0,1,1,0,0,0,0,"796685,1219","5828762,897",13.3744148,52.52800122
217356,11,2,2200210.0,2021,10,19,5,3,2,6,2,0,1,0,0,0,0,1,"798307,989","5825465,621",13.39531085,52.49755986
217355,11,10,10100312.0,2021,11,6,6,3,5,2,1,0,1,0,0,0,0,0,"807669,9773","5830165,947",13.53713536,52.5344873
217354,11,5,5100315.0,2021,11,13,4,3,5,2,0,0,1,0,0,0,1,1,"784357,7545","5830002,224",13.19425757,52.54568344
217353,11,3,3701556.0,2021,10,18,4,3,6,4,0,0,1,1,0,0,0,0,"799358,9407","5829198,52",13.41410405,52.53044426
217352,11,5,5200420.0,2021,10,14,6,3,5,3,0,0,1,0,0,0,1,1,"782825,6588","5828572,346",13.1705073,52.53366029
217351,11,8,8100311.0,2021,10,20,5,3,1,5,2,0,1,0,1,0,0,0,"800861,3655","5824540,501",13.43197551,52.48786616
217350,11,6,6100205.0,2021,11,18,2,2,5,2,2,0,1,0,1,0,0,0,"795328,7472","5819981,051",13.34669615,52.45001478
217349,11,1,1401043.0,2021,11,18,5,3,6,2,2,0,1,1,0,0,0,1,"795671,3477","5830924,29",13.36143774,52.54792692
217348,11,1,1401048.0,2021,11,10,4,3,5,2,0,1,0,0,0,1,0,0,"795503,5533","5831613,014",13.35958335,52.55419174
217347,11,2,2500833.0,2021,10,20,7,3,5,3,2,0,1,0,1,0,0,0,"802847,0633","5826941,074",13.46331332,52.50828445
217346,11,7,7400720.0,2021,10,5,5,3,5,2,2,0,0,0,1,0,1,0,"797301,669","5822601,781",13.37797642,52.47243769
217345,11,1,1200520.0,2021,10,11,3,3,1,6,0,0,1,0,1,0,0,0,"794548,2604","5828949,154",13.34317201,52.53082965
217344,11,4,4501148.0,2021,11,14,2,3,5,2,0,0,1,0,0,0,0,1,"793347,4853","5823073,35",13.32034406,52.47880304
217343,11,9,9401534.0,2021,11,15,5,3,5,2,1,1,1,0,0,0,0,0,"811350,5421","5819942,821",13.58167423,52.4407839
217342,11,10,10200629.0,2021,11,16,7,3,5,2,2,0,1,0,0,0,0,0,"811312,0858","5828506,006",13.58910456,52.51754415
217341,11,5,5200632.0,2021,10,15,3,3,0,1,0,0,0,0,1,0,0,1,"785073,3101","5828380,205",13.2033895,52.53076658
217340,11,8,8100310.0,2021,11,18,7,3,6,2,2,0,1,1,0,0,0,1,"801062,0665","5824921,818",13.4352669,52.49117337
217339,11,1,1100102.0,2021,11,13,1,2,6,4,0,0,1,1,0,0,0,1,"795651,4871","5826679,854",13.35737127,52.50989007
217338,11,2,2300314.0,2021,10,17,5,3,3,5,0,1,1,0,0,0,0,0,"799729,4679","5826074,203",13.41673538,52.50223606
217337,11,8,8100312.0,2021,10,16,6,3,2,6,0,0,1,0,0,0,0,1,"801075,4064","5824915,783",13.43545733,52.49111191
217336,11,10,10100206.0,2021,10,16,2,2,6,4,0,0,1,1,0,0,0,0,"809338,2855","5832705,917",13.56401832,52.55630527
217335,11,9,9200512.0,2021,10,17,6,3,1,5,0,0,1,0,0,0,0,0,"809265,5747","5821525,335",13.55256345,52.45614923
217334,11,8,8401242.0,2021,11,11,4,3,5,3,0,0,1,0,0,0,0,0,"805253,3894","5817246,666",13.48979277,52.42005651
217333,11,7,7501029.0,2021,11,19,5,3,2,2,2,0,1,0,0,0,0,1,"797348,1111","5818665,438",13.37515294,52.43712696
217332,11,2,2100106.0,2021,10,22,6,3,5,3,2,0,1,0,0,0,0,0,"799575,5867","5825656,53",13.41409943,52.49857675
217331,11,7,7400927.0,2021,10,10,3,3,0,6,0,0,1,0,1,0,0,0,"798903,2183","5821691,358",13.40066943,52.46340294
217330,11,7,7300619.0,2021,10,21,3,3,5,3,2,1,1,0,0,0,0,0,"794713,0289","5821827,176",13.33929188,52.46689659
217329,11,10,10100311.0,2021,10,17,2,2,5,2,0,1,1,0,0,0,0,0,"806301,1727","5830198,03",13.51704782,52.53554578
217328,11,1,1100312.0,2021,11,14,2,3,6,4,0,1,0,1,0,0,0,0,"799517,0952","5826712,623",13.41419034,52.50807516
217327,11,2,2100105.0,2021,10,15,4,3,6,7,0,0,1,1,0,0,0,0,"798921,8829","5825819,617",13.40464476,52.50039706
217326,11,2,2100102.0,2021,10,14,4,3,6,2,0,0,1,1,0,0,0,0,"798321,8598","5825554,252",13.39559396,52.49834675
217325,11,5,5100316.0,2021,11,15,1,3,2,6,0,0,1,0,0,0,0,1,"784811,0821","5828950,543",13.200023,52.5360173
217324,11,10,10300734.0,2021,11,22,3,3,5,3,2,0,1,0,0,0,1,0,"809589,8209","5823521,447",13.5591718,52.47385441
217323,11,10,10400940.0,2021,11,9,2,3,5,2,0,0,1,0,0,0,1,0,"812396,179","5824671,618",13.60143294,52.48256369
217322,11,7,7400824.0,2021,10,11,7,3,5,3,0,0,1,0,0,0,1,0,"797853,6033","5821887,507",13.38544054,52.46573434