ObjectID,State,District,LOR_ab_2021,AccidentYear,AccidentMonth,AccidentHour,DayOfWeek,AccidentCategory,AccidentType,AccidentTypeDetail,LightingCondition,InvolvingBike,InvolvingCar,InvolvingPedestrian,InvolvingMotorcycle,InvolvingHGV,InvolvingOther,RoadCondition,GraphicCoord1,GraphicCoord2,LongitudeWGS84,LatitudeWGS84
217125,11,10,10300733.0,2021,11,18,7,3,5,2,2,0,1,0,0,0,0,1,"809513,7086","5827233,118",13.56150217,52.50716052
217124,11,7,7400720.0,2021,11,13,2,3,5,3,0,0,1,0,0,0,0,0,"796526,4571","5822786,951",13.36676155,52.47451894
217123,11,9,9100101.0,2021,11,11,4,3,5,3,0,1,0,0,1,0,0,0,"802244,0871","5824856,767",13.45256449,52.48993715
217122,11,5,5200629.0,2021,11,12,6,3,5,2,0,0,1,0,0,0,0,1,"784521,2176","5828650,38",13.19550394,52.53347744
217121,11,12,12200412.0,2021,10,14,1,2,1,5,0,0,1,0,1,0,0,0,"789267,4354","5833658,76",13.26964588,52.57588016
217120,11,7,7501135.0,2021,10,1,1,3,1,5,2,1,1,0,0,0,0,0,"798605,0041","5817011,761",13.3921113,52.42161887
217119,11,3,3601245.0,2021,11,9,4,3,5,3,0,1,1,0,0,0,0,0,"800972,2937","5831228,348",13.43965445,52.54774954
217118,11,5,5200423.0,2021,11,10,5,2,5,3,0,0,1,0,0,0,0,0,"780879,6077","5828331,389",13.14168924,52.53250614
217117,11,12,12200412.0,2021,10,17,6,3,5,2,0,0,1,0,0,0,0,0,"791167,2706","5834021,577",13.29792098,52.57811959
217116,11,9,9301227.0,2021,10,15,6,3,1,5,0,1,1,0,0,0,0,0,"815736,0737","5814531,681",13.64087694,52.38978173
217115,11,1,1400938.0,2021,10,8,6,2,5,3,0,1,1,0,0,0,0,0,"793880,8666","5830059,636",13.33434381,52.54114469
217114,11,1,1300733.0,2021,10,18,6,3,6,2,1,0,1,1,0,0,0,1,"797152,8273","5831919,828",13.38411262,52.55604464
217113,11,2,2200209.0,2021,10,8,7,3,5,3,0,1,0,0,0,0,0,1,"797742,0047","5824596,285",13.38622122,52.49007634
217112,11,3,3400619.0,2021,10,16,6,3,5,3,0,1,1,0,0,0,0,0,"795956,8804","5835567,551",13.36977934,52.58939386
217111,11,3,3400725.0,2021,11,17,3,3,5,2,2,0,1,0,1,0,0,0,"800014,5276","5835462,768",13.42940192,52.58623194
217110,11,4,4501043.0,2021,11,19,5,3,5,2,2,1,1,0,0,0,0,1,"792836,033","5824337,245",13.31394509,52.49040801
217109,11,1,1100416.0,2021,11,8,3,3,5,7,0,1,1,0,0,0,0,0,"798708,6987","5830059,937",13.40532113,52.53852233
217108,11,4,4300621.0,2021,10,18,1,3,5,7,1,0,1,0,0,0,1,0,"792386,628","5826848,846",13.30955031,52.5131648
217107,11,1,1300732.0,2021,10,20,5,3,5,2,2,1,0,0,0,0,1,0,"797700,1045","5832902,061",13.39304236,52.56455017
217106,11,2,2500727.0,2021,10,14,3,3,0,1,0,1,0,0,0,0,0,0,"802201,069","5828112,967",13.45488828,52.51914635
217105,11,4,4300621.0,2021,11,10,2,3,1,5,0,1,0,0,0,0,1,0,"791985,0407","5826791,059",13.30359868,52.51286188
217104,11,4,4400835.0,2021,11,17,6,3,6,7,1,0,1,1,0,0,0,0,"792854,7291","5821890,591",13.31207075,52.46846437
217103,11,12,12400723.0,2021,11,16,2,3,0,7,2,0,0,0,1,0,0,1,"792482,2022","5839252,095",13.32189195,52.62430329
217102,11,5,5100317.0,2021,10,7,3,3,0,1,2,0,0,0,1,0,0,1,"787970,4447","5827900,044",13.24556487,52.52493887
217101,11,6,6400838.0,2021,11,19,7,3,6,2,2,0,1,1,0,0,0,1,"788156,5465","5818728,365",13.24037191,52.44261149
217100,11,10,10300731.0,2021,11,16,2,3,6,2,1,0,1,1,0,0,0,1,"809154,9324","5829964,521",13.55877115,52.53184197
217099,11,6,6100207.0,2021,11,12,4,3,5,2,0,0,1,0,1,0,0,0,"793425,539","5819938,291",13.31873355,52.45065631
217098,11,7,7100206.0,2021,11,17,6,3,6,7,2,0,1,1,0,0,0,0,"796025,1551","5824631,99",13.36104079,52.49133012
217097,11,8,8100310.0,2021,10,15,6,3,6,7,0,1,1,1,0,0,0,0,"800793,0149","5825040,604",13.43142333,52.49238639
217096,11,4,4200310.0,2021,10,16,7,3,5,2,0,0,1,0,1,0,0,0,"789438,3927","5826654,398",13.26605805,52.51299404
217095,11,4,4300412.0,2021,10,12,7,3,2,6,0,0,1,0,0,0,0,0,"791656,4528","5827566,553",13.29945023,52.51998987
217094,11,2,2200209.0,2021,11,12,3,2,1,5,0,1,0,0,0,0,1,1,"797505,4568","5824775,024",13.38290715,52.4918075
217093,11,1,1100313.0,2021,11,17,5,3,5,3,1,0,1,0,0,0,0,1,"799772,2893","5826562,447",13.41780394,52.50658889
217092,11,4,4501040.0,2021,10,11,7,3,5,7,0,1,1,0,0,0,0,0,"792286,4812","5825909,342",13.30725375,52.50479605
217091,11,10,10300732.0,2021,10,16,6,3,6,6,2,0,1,1,0,0,0,0,"810282,8031","5829976,414",13.5753562,52.53130774
217090,11,10,10200524.0,2021,10,8,2,3,5,3,0,1,1,0,0,0,0,0,"813719,8281","5829973,3",13.62585628,52.52931276
217089,11,4,4300622.0,2021,10,11,4,3,6,4,0,0,0,1,1,0,0,0,"793698,6198","5826395,075",13.32842778,52.5083921
217088,11,4,4501150.0,2021,10,17,3,3,5,7,1,0,1,0,1,0,0,0,"793439,6535","5823835,344",13.322368,52.48558452
217087,11,4,4501042.0,2021,11,10,3,3,2,6,0,0,1,0,1,0,0,1,"794064,1439","5825946,838",13.33340208,52.50417699
217086,11,7,7601442.0,2021,10,11,4,2,6,2,0,0,0,1,0,1,0,0,"799248,6827","5816259,532",13.40087607,52.41452446
217085,11,11,11300721.0,2021,10,13,4,3,3,6,0,0,1,0,0,1,0,0,"805532,163","5830048,844",13.50560819,52.53464035
217084,11,1,1200626.0,2021,11,15,6,2,5,3,0,0,1,0,0,0,0,0,"795322,1997","5828222,514",13.35390274,52.52389717
217083,11,6,6100208.0,2021,11,2,7,3,6,4,2,0,0,1,0,0,1,0,"794058,5363","5820612,578",13.32861513,52.4563609
217082,11,1,1300730.0,2021,11,14,4,3,5,3,0,0,1,0,1,0,0,0,"796223,801","5832160,315",13.37066407,52.55870646
217081,11,12,12200309.0,2021,11,23,2,3,5,3,2,1,1,0,0,0,0,0,"793231,5531","5832405,496",13.32686885,52.56252391
217080,11,7,7300618.0,2021,10,14,4,3,5,3,0,1,1,0,0,0,0,0,"794418,6757","5822074,367",13.33518949,52.46927124
217079,11,6,6300528.0,2021,10,11,2,3,5,3,0,0,1,0,1,0,0,0,"788965,9082","5816398,339",13.25023283,52.42129445
217078,11,10,10200420.0,2021,10,14,1,3,5,2,0,0,1,0,0,0,0,0,"812011,184","5830586,154",13.60132576,52.53578521
217077,11,4,4100102.0,2021,11,13,4,3,5,2,0,0,1,0,0,0,0,0,"791429,789","5829183,339",13.29753619,52.53460531
217076,11,1,1100206.0,2021,11,21,6,3,6,2,2,0,1,1,0,0,0,0,"797897,3474","5827372,244",13.39098579,52.51487471
217075,11,3,3601348.0,2021,10,15,1,3,5,7,0,1,0,0,0,0,0,0,"799907,4955","5830645,501",13.42347227,52.54311252
217074,11,9,9301227.0,2021,10,18,4,3,5,3,2,1,1,0,0,0,0,1,"815060,8409","5815053,335",13.63147753,52.39484495
217073,11,2,2100102.0,2021,11,12,6,3,5,3,0,0,1,0,0,0,0,0,"798213,1783","5826240,744",13.39461248,52.50455968
217072,11,8,8100312.0,2021,11,15,3,3,6,2,0,0,1,1,0,0,0,0,"801100,6809","5824355,235",13.43532201,52.48607363
217071,11,10,10400835.0,2021,10,12,5,3,5,3,0,1,1,0,0,0,0,0,"812828,5734","5828985,475",13.61183172,52.520973
217070,11,11,11300723.0,2021,10,18,5,2,0,1,0,1,0,0,0,0,0,1,"805207,4482","5828548,621",13.49945868,52.52137667
217069,11,5,5100314.0,2021,10,18,5,3,0,5,2,0,1,0,1,0,0,0,"785311,8643","5829919,216",13.20821813,52.54444036
217068,11,6,6300633.0,2021,11,8,2,3,6,2,0,0,1,1,0,0,0,1,"793275,3272","5819097,035",13.31579097,52.44319527
217067,11,5,5100208.0,2021,11,12,5,2,2,6,0,0,1,0,0,1,0,1,"782387,4625","5830501,943",13.16570464,52.55118898
217066,11,9,9301025.0,2021,11,9,3,3,6,7,0,0,1,1,0,0,0,0,"810375,7395","5814095,747",13.5619573,52.3889378
217065,11,3,3500934.0,2021,10,15,1,3,5,3,0,0,0,0,1,0,0,0,"801238,5819","5831800,101",13.44408832,52.55272702
217064,11,3,3400828.0,2021,10,10,5,3,1,5,0,1,1,0,0,0,0,0,"799945,4728","5832575,008",13.42577367,52.56038635
217063,11,7,7400721.0,2021,10,13,2,3,2,6,0,0,1,0,0,0,0,0,"798360,866","5823947,956",13.39472856,52.483927
217062,11,11,11200514.0,2021,11,8,2,3,2,6,0,1,0,0,0,0,0,0,"803500,043","5830163,722",13.47584562,52.53680533
217061,11,1,1100310.0,2021,11,9,5,3,2,6,0,0,1,0,0,0,0,0,"799730,7981","5828690,692",13.41911166,52.52568806
217060,11,3,3300516.0,2021,11,0,1,3,0,1,2,0,0,0,0,0,1,0,"801096,7965","5834818,257",13.44474275,52.57985728
217059,11,10,10300732.0,2021,10,12,2,3,9,1,0,0,1,0,0,0,0,0,"809840,4873","5830081,694",13.5689546,52.53250279
217058,11,9,9200510.0,2021,11,17,7,3,5,3,2,1,1,0,0,0,0,1,"806410,9663","5822970,362",13.51201073,52.47070783
217057,11,9,9501939.0,2021,10,19,5,3,1,5,2,1,1,0,0,0,0,0,"810710,8401","5821398,156",13.5736468,52.45418988
217056,11,1,1100309.0,2021,10,18,6,3,6,2,2,0,1,1,0,0,0,1,"798524,3901","5829056,4",13.40171035,52.52962803
217055,11,12,12100205.0,2021,10,14,6,3,5,3,0,0,1,0,0,0,0,1,"794799,112","5834244,398",13.35156167,52.57816165
217054,11,10,10200526.0,2021,10,18,6,3,9,1,2,0,0,0,1,0,0,0,"812097,6384","5830187,207",13.60222168,52.5321607
217053,11,4,4300622.0,2021,11,16,3,3,2,6,2,0,1,0,1,0,0,0,"792781,8778","5827039,549",13.31552583,52.51466238
217052,11,1,1400937.0,2021,11,7,6,3,5,3,0,0,1,0,0,0,0,1,"793793,9944","5832188,293",13.33495002,52.56027363
217051,11,7,7100102.0,2021,11,17,4,3,5,3,2,0,1,0,1,0,0,0,"794957,23","5825403,897",13.34604083,52.49882784
217050,11,5,5100315.0,2021,10,17,6,2,5,3,0,0,1,0,0,0,1,0,"784376,083","5830006,752",13.194531,52.54571447
217049,11,9,9200715.0,2021,10,15,3,2,5,2,0,0,1,0,0,0,1,0,"807699,2114","5818374,488",13.5266829,52.42879475
217048,11,5,5200629.0,2021,10,23,3,2,5,3,2,0,1,0,0,0,0,0,"784025,5502","5828512,591",13.1880984,52.53250055
217047,11,4,4300619.0,2021,10,16,2,3,5,2,0,1,1,0,0,0,0,0,"792763,989","5827029,207",13.31525387,52.51457927
217046,11,8,8401244.0,2021,11,0,3,2,9,1,2,0,1,0,0,0,0,0,"806411,4734","5816143,258",13.50575919,52.40952007
217045,11,6,6100103.0,2021,10,12,3,3,5,2,0,0,1,0,0,0,0,1,"793585,0137","5821271,931",13.32224619,52.46252633
217044,11,2,2400625.0,2021,10,17,4,3,2,6,0,0,1,0,0,0,0,0,"801750,9847","5826253,041",13.44658885,52.5027249
217043,11,2,2500833.0,2021,11,10,1,3,0,1,0,1,0,0,0,0,0,1,"802390,8684","5827079,315",13.45673769,52.50977655
217042,11,1,1100309.0,2021,11,10,2,3,5,3,0,1,1,0,0,0,0,1,"798245,6345","5828939,305",13.39750825,52.52873101
217041,11,9,9401534.0,2021,11,20,3,3,9,1,2,0,0,0,0,0,1,0,"811257,0365","5820202,016",13.58054443,52.44315991
217040,11,6,6200313.0,2021,11,9,2,3,2,6,0,0,1,0,0,0,0,0,"795469,4084","5818365,714",13.34733163,52.43545828
217039,11,12,12400618.0,2021,10,14,7,2,0,7,0,0,0,0,1,0,0,1,"787176,0939","5838992,721",13.24349651,52.62480889
217038,11,7,7400721.0,2021,10,0,7,2,2,1,2,0,1,0,0,0,0,0,"797797,6938","5823274,496",13.38585817,52.47819764
217037,11,9,9200819.0,2021,11,17,3,3,5,2,1,1,1,0,0,0,0,0,"810495,4327","5820304,004",13.56946997,52.44450685
217036,11,1,1100308.0,2021,11,8,5,3,2,6,0,1,1,0,0,0,0,1,"796934,616","5828135,29",13.37752135,52.52223958
217035,11,1,1200628.0,2021,10,19,7,3,1,5,2,1,1,0,0,0,0,0,"796297,4808","5828240,272",13.36825168,52.52352723
217034,11,3,3400619.0,2021,10,7,4,3,0,2,0,1,1,0,0,0,0,1,"795367,463","5835565,85",13.36110256,52.58969898
217033,11,8,8200831.0,2021,10,14,3,3,0,5,0,0,1,0,0,0,0,0,"799693,3955","5817627,063",13.40862008,52.4265393
217032,11,7,7200413.0,2021,11,14,5,3,5,7,0,0,1,0,0,0,0,1,"796117,9697","5823308,023",13.36122763,52.47941153
217031,11,7,7501133.0,2021,11,8,3,3,0,2,0,1,1,0,0,0,0,1,"797908,8313","5818355,008",13.3831005,52.43403915
217030,11,1,1100310.0,2021,10,15,4,3,5,7,0,0,1,0,1,0,0,0,"799080,0996","5828410,707",13.40929712,52.52353575
217029,11,4,4200308.0,2021,10,6,6,2,4,6,2,0,1,0,0,1,0,0,"789722,7386","5828388,387",13.27174677,52.52838859
217028,11,3,3500934.0,2021,11,18,6,3,1,5,1,1,1,0,0,0,0,0,"800511,3184","5831788,055",13.43338326,52.55302078
217027,11,10,10400941.0,2021,11,12,2,2,5,3,0,1,1,0,0,0,0,1,"812566,4968","5824277,355",13.60356326,52.47893317
217026,11,3,3400620.0,2021,11,6,5,3,5,3,2,1,1,0,0,0,0,0,"797411,7617","5833971,81",13.38976021,52.57429667
217025,11,2,2500835.0,2021,11,10,3,2,0,1,0,0,0,0,1,0,0,0,"803113,5799","5826306,229",13.46665027,52.50244643
217024,11,11,11501238.0,2021,10,11,7,3,5,2,0,0,1,0,1,0,0,0,"804082,3955","5825989,88",13.48059043,52.49907208
217023,11,1,1100310.0,2021,10,15,4,3,0,2,0,1,1,0,0,0,0,0,"799492,8929","5828852,927",13.41576152,52.52727298
217022,11,11,11300722.0,2021,10,14,2,3,5,2,0,1,1,0,0,0,0,0,"803738,6371","5828638,533",13.47795918,52.52300265
217021,11,7,7601339.0,2021,10,12,1,3,0,2,0,0,1,0,1,0,0,0,"795400,2446","5815723,373",13.34398391,52.41180851
217020,11,4,4501042.0,2021,11,15,4,3,0,2,0,0,1,0,0,0,1,0,"793996,5473","5826165,011",13.33260171,52.50616923
217019,11,5,5200525.0,2021,11,14,6,2,6,4,0,0,1,1,0,0,0,1,"781207,2309","5827399,412",13.14571815,52.52398053
217018,11,11,11200513.0,2021,10,17,2,3,5,2,0,1,1,0,0,0,0,0,"803853,4647","5830396,553",13.48125326,52.53869518
217017,11,8,8100417.0,2021,10,13,5,2,5,3,0,1,1,0,0,0,0,1,"802074,3311","5822683,037",13.44810258,52.47054774
217016,11,8,8100418.0,2021,11,14,6,3,6,4,0,0,1,1,0,0,0,0,"802068,4145","5823584,307",13.44883197,52.4786292
217015,11,9,9501737.0,2021,11,7,4,3,1,5,0,1,1,0,0,0,0,1,"815059,2731","5821052,942",13.6371038,52.44860768
217014,11,1,1300834.0,2021,10,9,5,3,0,2,0,1,1,0,0,0,0,0,"798351,5399","5830138,989",13.40014167,52.53942658
217013,11,4,4501152.0,2021,10,13,4,3,0,7,0,1,0,0,0,1,0,1,"793965,4876","5824887,998",13.33101817,52.49473819
217012,11,4,4100101.0,2021,10,6,3,2,2,7,2,0,1,0,1,0,0,1,"792496,5863","5830685,571",13.3145418,52.54750081
217011,11,11,11300620.0,2021,11,18,4,3,5,2,2,0,1,0,0,0,0,0,"803730,4885","5829786,211",13.47888783,52.53329345
217010,11,11,11501341.0,2021,11,18,3,3,0,7,2,0,1,0,0,0,0,1,"806453,2558","5824373,678",13.51392086,52.48326108
217009,11,5,5100317.0,2021,10,2,4,2,0,7,2,0,0,0,0,0,1,1,"788104,7869","5827881,934",13.24752389,52.52470553
217008,11,4,4400729.0,2021,10,17,4,3,0,1,0,1,0,0,0,0,0,0,"789341,7147","5822872,843",13.26135261,52.47914255
217007,11,8,8200832.0,2021,11,10,6,2,6,4,0,0,1,1,0,0,0,1,"801533,9182","5817359,897",13.43536634,52.42313341
217006,11,12,12500824.0,2021,11,15,7,3,5,2,0,1,1,0,0,0,0,1,"790208,55","5835827,334",13.28539402,52.59482019
217005,11,10,10100208.0,2021,11,19,4,3,2,7,2,1,1,0,0,0,0,1,"809066,3797","5832252,283",13.55959809,52.55239434
217004,11,8,8401242.0,2021,11,21,7,3,5,3,2,0,1,0,0,0,0,0,"804819,2133","5816776,748",13.48299994,52.41608672
217003,11,6,6400735.0,2021,10,10,7,2,5,3,0,0,1,0,0,0,0,0,"782949,4337","5815892,095",13.16156795,52.41989932
217002,11,3,3501038.0,2021,10,20,4,3,5,7,2,1,1,0,0,0,0,0,"803004,6805","5832010,834",13.47024945,52.55363618
217001,11,2,2100106.0,2021,10,17,1,3,5,2,0,1,1,0,0,0,0,0,"799071,9435","5825610,953",13.40666144,52.49844446
217000,11,12,12200309.0,2021,11,12,2,2,5,3,0,0,1,0,1,0,0,1,"793561,9581","5832369,066",13.33169687,52.5620193
216999,11,4,4300621.0,2021,11,10,4,3,1,5,0,1,1,0,0,0,0,0,"792086,9019","5826762,902",13.3050707,52.51255492
216998,11,8,8200623.0,2021,11,13,7,3,3,6,0,0,1,0,0,0,0,0,"801995,5496","5820644,831",13.44510229,52.45232249
216997,11,8,8100102.0,2021,10,23,7,3,6,7,2,0,1,1,0,0,0,0,"800406,933","5823337,386",13.42421887,52.4773324
216996,11,7,7200307.0,2021,10,22,4,3,0,1,2,0,0,0,0,0,1,0,"794636,7209","5824532,079",13.34056195,52.49118567
216995,11,9,9100407.0,2021,11,10,6,2,0,7,0,1,0,0,0,0,0,0,"805933,7771","5820317,184",13.50257624,52.44719625
216994,11,4,4501042.0,2021,11,16,3,3,6,4,2,0,1,1,0,0,0,1,"793521,7789","5825707,235",13.3252232,52.5023211
216993,11,12,12601031.0,2021,10,22,4,3,5,3,2,0,1,0,0,0,1,0,"793487,4223","5836483,428",13.33424351,52.59894209
216992,11,3,3400828.0,2021,10,16,6,3,5,3,0,0,1,0,0,0,0,1,"800125,1321","5831772,903",13.42769074,52.5530979
216991,11,2,2500833.0,2021,10,22,1,2,6,2,2,0,1,1,0,0,0,0,"802996,8814","5826892,541",13.46546986,52.50776627
216990,11,12,12500928.0,2021,10,8,6,3,2,6,0,0,1,0,0,0,0,0,"791769,4669","5836885,957",13.30930566,52.60347515
216989,11,10,10200418.0,2021,11,18,2,3,5,2,1,0,1,0,0,0,1,1,"811292,9025","5831567,052",13.59168902,52.544986
216988,11,4,4300416.0,2021,11,21,5,3,5,7,2,0,1,0,1,0,0,1,"791780,3073","5825924,672",13.29983085,52.50520442
216987,11,7,7400823.0,2021,11,8,3,2,5,3,0,0,0,0,1,0,1,0,"797277,7713","5821223,797",13.37639803,52.46009845
216986,11,9,9200715.0,2021,10,12,2,3,6,2,0,0,1,1,0,0,0,1,"808176,9043","5818868,989",13.53414227,52.43295769
216985,11,4,4100102.0,2021,10,5,5,3,2,2,2,0,1,0,0,0,1,0,"791203,7474","5829140,204",13.29417528,52.53433944
216984,11,5,5200420.0,2021,10,20,2,2,2,2,2,0,1,0,1,0,1,0,"781884,2671","5829131,224",13.15713954,52.53915916
216983,11,3,3400831.0,2021,11,13,2,3,6,4,0,0,0,1,0,0,1,1,"799940,1747","5833850,57",13.42684901,52.57182246
216982,11,8,8300934.0,2021,11,20,6,3,0,2,2,1,1,0,0,0,0,0,"803155,4197","5818426,131",13.46010575,52.43179426
216981,11,1,1100205.0,2021,11,19,1,3,5,2,2,1,1,0,0,0,0,1,"796952,633","5826789,541",13.37658503,52.51016658
216980,11,1,1300733.0,2021,10,16,2,3,2,6,0,0,1,0,0,0,1,0,"797668,339","5831881,096",13.39165935,52.55541594
216979,11,10,10400836.0,2021,10,11,2,3,5,3,0,1,1,0,0,0,0,0,"811155,1","5827124,658",13.58550709,52.50525497
216978,11,12,12601235.0,2021,11,2,7,3,2,7,2,0,1,0,0,0,0,0,"794432,4646","5836240,152",13.34794001,52.59625044
216977,11,1,1100311.0,2021,11,14,1,3,1,7,0,0,1,0,0,0,0,1,"799882,9852","5827832,076",13.42057406,52.51790827
216976,11,11,11200513.0,2021,10,7,5,2,0,2,1,0,1,0,0,0,1,0,"804372,5135","5830844,997",13.48929353,52.54242473
216975,11,12,12200309.0,2021,10,14,6,3,0,6,0,0,1,0,1,0,0,0,"793543,8508","5832384,229",13.33144393,52.56216499
216974,11,9,9501737.0,2021,10,16,2,3,5,3,0,1,1,0,0,0,0,0,"815033,2326","5821296,513",13.6369516,52.45080528
216973,11,9,9100304.0,2021,10,14,6,3,0,4,0,0,0,1,1,0,0,0,"804604,2134","5822063,884",13.48466697,52.46359376
216972,11,1,1200519.0,2021,11,12,4,3,0,5,0,1,1,0,0,0,0,1,"793857,2091","5829136,377",13.33317954,52.53288097
216971,11,10,10200421.0,2021,11,15,5,3,5,2,0,1,1,0,0,0,0,0,"812063,1643","5830615,118",13.60211684,52.536015
216970,11,2,2300315.0,2021,10,12,6,3,5,2,0,1,1,0,0,0,0,0,"800461,8925","5825774,294",13.42722266,52.49914508
216969,11,1,1100416.0,2021,10,7,3,3,5,3,0,1,1,0,0,0,0,0,"798590,4818","5829516,136",13.40309469,52.53371271
216968,11,6,6300526.0,2021,10,13,4,3,2,3,0,0,1,0,1,0,0,0,"789407,7417","5817968,418",13.25807074,52.43513747
216967,11,2,2400521.0,2021,10,12,2,2,5,3,0,0,1,0,1,0,0,0,"801250,445","5827841,258",13.44067446,52.51723693
216966,11,5,5100104.0,2021,11,9,1,3,5,3,0,0,1,0,0,0,0,1,"785763,6115","5831744,42",13.21643265,52.56056795
216965,11,2,2300315.0,2021,10,17,4,3,5,3,0,1,0,0,0,0,1,0,"800597,6807","5826214,523",13.42961433,52.50301622
216964,11,9,9100101.0,2021,10,15,4,3,1,5,0,1,1,0,0,0,0,0,"801668,9235","5824894,733",13.44415345,52.49059558
216963,11,6,7300619.0,2021,11,13,7,3,0,7,0,0,0,0,1,0,0,1,"794819,6902","5821586,192",13.34064454,52.46467876
216962,11,8,8100314.0,2021,11,19,3,3,2,6,2,0,1,0,0,0,0,0,"800343,4956","5824377,491",13.42422462,52.48669018
216961,11,1,1401043.0,2021,11,12,7,3,2,2,0,0,1,0,1,0,0,0,"795682,3529","5830937,161",13.36161102,52.54803632
216960,11,5,5200631.0,2021,10,12,1,3,2,6,0,0,1,0,1,0,0,0,"785074,5643","5827586,476",13.20272739,52.52364939
216959,11,4,4501041.0,2021,10,13,7,3,5,7,0,0,1,0,0,0,0,0,"793140,1744","5825596,609",13.31952001,52.50153453
216958,11,1,1200624.0,2021,11,18,4,3,5,2,2,1,1,0,0,0,0,0,"795668,8498","5829732,424",13.36034021,52.5372443
216957,11,6,6100103.0,2021,11,6,5,3,6,4,2,0,0,1,0,0,1,0,"793946,9981","5821464,575",13.3277286,52.4640587
216956,11,6,6400838.0,2021,10,18,7,3,2,6,0,0,1,0,0,0,0,0,"788442,5045","5821531,317",13.24698873,52.46759078
216955,11,3,3701554.0,2021,10,10,4,3,5,5,0,0,1,0,0,0,1,0,"798943,5147","5829969,41",13.40869159,52.53758213
216954,11,10,10100315.0,2021,11,17,4,2,2,7,2,0,1,0,0,0,0,0,"809783,0025","5830680,889",13.56866832,52.53790517
216953,11,12,12500824.0,2021,11,16,3,3,1,5,1,0,1,0,0,1,1,1,"791140,7708","5836676,613",13.29986444,52.60193548
216952,11,9,9401329.0,2021,10,10,5,3,2,6,0,0,1,0,0,0,0,0,"812399,5438","5819581,993",13.59671971,52.43695222
216951,11,1,1100102.0,2021,10,3,5,3,9,1,2,0,0,0,1,0,0,0,"795142,3508","5827068,305",13.35023554,52.51364795
216950,11,7,7400721.0,2021,10,15,2,3,5,3,0,0,1,0,1,0,0,0,"797827,9656","5822536,161",13.38564328,52.47156279
216949,11,6,6100205.0,2021,11,11,6,2,0,1,0,0,0,0,1,0,0,1,"795238,1313","5819621,85",13.34504914,52.4468437
216948,11,4,4200311.0,2021,11,18,1,2,5,2,2,0,1,0,0,0,0,1,"790449,35","5825976,206",13.28032171,52.5063766
216947,11,8,8100103.0,2021,11,12,5,3,2,6,0,0,1,0,0,0,0,1,"800688,7622","5822945,878",13.42800306,52.47366808
216946,11,6,6100101.0,2021,11,16,2,3,1,5,1,1,1,0,0,0,0,0,"793230,167","5820597,14",13.3164454,52.45666755
216945,11,2,2100106.0,2021,10,19,7,3,5,2,2,1,1,0,0,0,0,0,"798578,3304","5825563,167",13.39936879,52.4982864
216944,11,3,3400724.0,2021,10,16,4,3,2,6,1,0,1,0,0,0,0,0,"800004,8158","5834937,114",13.42878314,52.58152576
216943,11,9,9501939.0,2021,10,9,2,3,5,2,0,1,0,0,0,0,1,0,"810936,7101","5821596,922",13.57714515,52.4558427
216942,11,9,9502043.0,2021,11,9,2,3,5,3,0,0,1,0,0,0,0,0,"809221,3936","5823026,352",13.55330587,52.46962613
216941,11,7,7601341.0,2021,11,13,5,3,5,2,0,1,0,0,0,0,1,0,"798077,2823","5814312,488",13.3819707,52.39771026
216940,11,6,6200317.0,2021,11,11,7,2,6,4,0,0,1,1,0,0,0,0,"796244,3686","5817025,442",13.35751082,52.42302453
216939,11,11,11300722.0,2021,10,17,3,3,5,2,0,1,1,0,0,0,0,0,"804253,6095","5827663,143",13.48463403,52.51397351
216938,11,9,9501940.0,2021,10,21,5,3,5,2,2,1,0,0,0,0,1,1,"811170,2551","5821573,338",13.58054915,52.45549845
216937,11,12,12601032.0,2021,11,7,6,3,1,5,0,0,1,0,0,0,1,0,"793507,3156","5837540,939",13.3354741,52.60841119
216936,11,10,10200629.0,2021,11,15,4,3,6,2,1,0,1,1,0,0,0,1,"811027,0006","5828904,114",13.5852889,52.52127439
216935,11,1,1200627.0,2021,10,22,5,3,3,6,2,0,1,0,0,0,0,0,"795510,8513","5828358,126",13.35679578,52.5250106
216934,11,12,12200309.0,2021,10,0,5,3,5,7,2,0,1,0,0,0,1,0,"793342,5928","5832794,325",13.32884603,52.56594973
216933,11,11,11200513.0,2021,10,8,7,3,5,3,0,0,1,0,0,0,0,1,"804488,497","5830804,369",13.49096126,52.5419958
216932,11,2,2200208.0,2021,10,3,6,2,0,1,2,0,0,0,0,0,1,0,"797302,6188","5824832,171",13.37997938,52.49243028
216931,11,6,6300524.0,2021,11,15,2,3,5,2,0,1,0,0,0,1,0,1,"787536,9182","5817032,408",13.22982201,52.42773211
216930,11,10,10100210.0,2021,11,16,5,2,6,4,2,0,1,1,0,0,0,1,"808860,977","5831777,699",13.55613683,52.54825778
216929,11,4,4300619.0,2021,11,12,3,3,2,6,0,0,1,0,0,0,0,0,"791833,2122","5827445,502",13.30194174,52.5188101