ObjectID,State,District,LOR_ab_2021,AccidentYear,AccidentMonth,AccidentHour,DayOfWeek,AccidentCategory,AccidentType,AccidentTypeDetail,LightingCondition,InvolvingBike,InvolvingCar,InvolvingPedestrian,InvolvingMotorcycle,InvolvingHGV,InvolvingOther,RoadCondition,GraphicCoord1,GraphicCoord2,LongitudeWGS84,LatitudeWGS84
215546,11,2,2300315.0,2021,9,17,4,3,5,3,0,1,1,0,0,0,0,0,"800401,3436","5825790,454",13.42634795,52.49932326
215545,11,1,1400942.0,2021,9,13,2,3,5,3,0,0,1,0,0,0,1,0,"795506,7591","5830752,772",13.35886492,52.54647872
215544,11,11,11100309.0,2021,9,17,3,3,5,2,0,0,1,0,1,0,0,0,"806039,5586","5832840,244",13.51563751,52.55937279
215543,11,1,1100101.0,2021,9,22,2,3,5,3,2,0,1,0,0,0,0,1,"795327,1033","5826268,689",13.35224065,52.50638001
215542,11,1,1100207.0,2021,8,17,2,3,5,2,0,1,0,0,0,0,0,0,"798771,2571","5827481,151",13.40392366,52.51537291
215541,11,7,7400927.0,2021,9,15,6,3,5,3,0,0,1,0,0,0,0,1,"798627,1168","5820662,877",13.39569747,52.45433482
215540,11,1,1100415.0,2021,9,21,4,3,2,5,2,0,1,0,1,0,0,0,"798468,5931","5829106,37",13.40093513,52.53010649
215539,11,2,2500831.0,2021,8,9,2,3,5,3,0,1,1,0,0,0,0,1,"803269,2986","5827427,392",13.46995871,52.51240868
215538,11,8,8100310.0,2021,8,11,6,3,5,3,0,1,1,0,0,0,0,0,"800572,4382","5825151,906",13.42828464,52.49350553
215537,11,4,4300623.0,2021,9,17,2,3,2,7,0,1,1,0,0,0,0,0,"792189,3627","5826485,487",13.30633268,52.51001309
215536,11,4,4500937.0,2021,9,13,7,3,1,5,0,0,1,0,0,0,0,0,"791117,4589","5824760,818",13.28907513,52.49512458
215535,11,12,12200515.0,2021,8,9,3,3,3,6,0,1,0,0,1,0,0,0,"790296,5815","5835428,541",13.28634046,52.59119807
215534,11,8,8100102.0,2021,9,20,6,3,5,7,2,0,1,0,1,0,0,0,"800086,806","5823629,523",13.41978237,52.48012694
215533,11,9,9200819.0,2021,10,14,6,3,0,1,0,1,0,0,0,0,0,0,"810713,5117","5818933,722",13.57139456,52.432103
215532,11,4,4501150.0,2021,9,18,3,3,5,2,0,1,1,0,0,0,0,0,"793433,0921","5823941,657",13.32236525,52.4865411
215531,11,4,4400835.0,2021,9,22,4,3,5,3,2,0,1,0,1,0,0,0,"793355,6108","5822853,373",13.32026984,52.47682666
215530,11,6,6100205.0,2021,9,15,3,3,6,4,0,0,1,1,0,0,0,0,"795879,4892","5819858,704",13.35466829,52.44862023
215529,11,3,3300516.0,2021,8,7,5,3,6,4,0,0,1,1,0,0,0,0,"800657,9869","5834002,757",13.43754674,52.57279051
215528,11,7,7601544.0,2021,8,15,3,3,2,6,0,0,0,0,1,0,1,0,"798714,8077","5814467,09",13.39145082,52.39874878
215527,11,6,6400844.0,2021,9,19,6,3,1,1,1,1,1,0,0,0,0,0,"791728,8151","5821503,98",13.29520518,52.46560081
215526,11,5,5100211.0,2021,9,15,4,3,6,4,0,0,1,1,0,0,0,0,"783605,2981","5829514,514",13.18277466,52.5417028
215525,11,4,4200311.0,2021,9,16,3,3,0,1,0,1,0,0,0,0,0,0,"790522,5907","5826320,044",13.28169787,52.50942013
215524,11,5,5200527.0,2021,9,17,2,3,5,7,0,0,1,0,0,0,1,0,"782921,5791","5826962,16",13.17054755,52.51917307
215523,11,6,6400735.0,2021,9,11,4,3,5,3,0,0,1,0,0,0,0,0,"782603,0232","5815805,386",13.15641433,52.41930083
215522,11,12,12100101.0,2021,9,12,7,3,2,2,0,0,1,0,0,0,0,1,"795779,571","5832576,86",13.36450159,52.56268184
215521,11,4,4300623.0,2021,8,20,7,2,6,7,0,0,0,1,0,0,1,0,"792708,4319","5826110,523",13.31362954,52.50637337
215520,11,1,1200518.0,2021,9,12,5,2,5,7,0,0,1,0,1,0,0,0,"793588,373","5828525,436",13.32868808,52.52754908
215519,11,12,12100103.0,2021,9,13,6,3,6,4,0,0,1,1,0,0,0,0,"795811,2698","5833675,097",13.36594724,52.5725092
215518,11,11,11200514.0,2021,9,16,4,2,2,6,0,0,1,0,0,0,0,1,"803550,5235","5830194,372",13.47661561,52.53705192
215517,11,1,1400938.0,2021,9,15,4,3,2,6,0,0,1,0,0,0,1,1,"794006,9539","5830163,324",13.3362894,52.54200617
215516,11,9,9100409.0,2021,8,5,6,3,2,6,2,0,1,0,0,0,0,1,"805901,5943","5819001,016",13.50089946,52.43541806
215515,11,3,3701657.0,2021,8,14,4,3,5,3,0,1,0,0,1,0,0,0,"800247,5713","5830320,578",13.42817829,52.54001286
215514,11,9,9200715.0,2021,9,7,6,3,5,2,0,1,1,0,0,0,0,0,"809067,0814","5818190,767",13.54656777,52.42637728
215513,11,9,9501736.0,2021,9,8,5,3,2,6,0,0,1,0,0,0,0,0,"812242,9466","5821370,886",13.59609523,52.45307253
215512,11,7,7100206.0,2021,9,21,3,2,3,6,2,0,1,0,1,0,0,0,"796539,1619","5824860,809",13.36879289,52.49310228
215511,11,7,7601546.0,2021,9,12,2,3,6,7,0,0,0,1,0,0,1,0,"799071,4037","5813121,989",13.39547614,52.38649685
215510,11,3,3400721.0,2021,9,18,5,2,6,4,0,0,1,1,0,0,0,0,"798077,6937","5832625,97",13.39834843,52.56186881
215509,11,12,12100204.0,2021,9,15,2,3,0,4,0,0,0,1,1,0,0,0,"794954,0584","5832714,778",13.35248126,52.56436598
215508,11,12,12601031.0,2021,9,15,1,3,3,2,0,0,1,0,1,0,0,0,"793348,399","5836519,91",13.33222911,52.59934415
215507,11,4,4200311.0,2021,8,10,2,3,3,6,0,0,1,0,0,0,0,1,"790115,6025","5825349,505",13.27487212,52.50093571
215506,11,3,3601450.0,2021,9,7,5,3,6,2,0,0,0,1,0,0,1,0,"802348,0825","5829204,233",13.45804043,52.52884581
215505,11,12,12200412.0,2021,9,18,6,3,5,2,0,0,1,0,1,0,0,0,"791167,2172","5834028,064",13.29792589,52.57817777
215504,11,1,1300835.0,2021,9,19,4,3,0,1,2,0,0,0,1,0,0,1,"796988,6151","5830497,814",13.38042577,52.54338753
215503,11,11,11200515.0,2021,9,10,5,3,0,5,0,0,0,0,0,0,1,0,"805241,4337","5830580,199",13.50182331,52.53956545
215502,11,6,6400737.0,2021,8,13,7,2,2,7,0,1,1,0,0,0,0,0,"784596,4544","5819979,04",13.18920194,52.45568991
215501,11,8,8100209.0,2021,8,16,4,3,5,2,0,1,1,0,0,0,0,0,"801751,64","5822052,833",13.44279651,52.46507742
215500,11,2,2200209.0,2021,9,1,7,2,5,2,2,1,1,0,0,0,0,0,"797749,362","5824034,295",13.38582718,52.48503473
215499,11,9,9501940.0,2021,9,11,7,3,5,2,0,0,1,0,1,0,0,1,"811155,1083","5821574,38",13.58032793,52.45551642
215498,11,1,1100101.0,2021,9,13,3,3,5,3,0,0,1,0,0,0,0,0,"795328,1181","5826269,169",13.35225598,52.50638376
215497,11,9,9501737.0,2021,9,19,2,3,6,7,1,0,1,1,0,0,0,0,"814186,9656","5821717,068",13.6249352,52.45506086
215496,11,7,7400824.0,2021,9,9,3,3,1,5,0,1,1,0,0,0,0,0,"797643,121","5822027,194",13.38247596,52.46710119
215495,11,8,8100312.0,2021,8,13,2,3,1,5,0,1,1,0,0,0,0,1,"801397,2357","5824483,336",13.43979197,52.48705821
215494,11,9,9200819.0,2021,9,18,6,3,2,6,0,0,1,0,0,0,0,1,"809875,9549","5820004,735",13.56010716,52.44217626
215493,11,8,8100311.0,2021,9,8,4,3,2,6,0,0,1,0,0,0,0,0,"800530,4779","5824458,359",13.42704296,52.48731213
215492,11,6,6100204.0,2021,9,7,3,3,1,5,0,1,1,0,0,0,0,0,"795433,6077","5820410,519",13.34861458,52.45380803
215491,11,8,8100311.0,2021,9,2,2,3,0,7,2,0,1,0,0,0,0,0,"800693,0963","5824582,348",13.42954255,52.48833395
215490,11,8,8100310.0,2021,9,20,4,3,5,3,2,0,1,0,1,0,0,0,"800358,1116","5825234,601",13.42521179,52.49436474
215489,11,2,2300419.0,2021,9,23,2,3,1,1,2,0,1,0,0,0,0,0,"801978,6291","5825623,47",13.44936158,52.49695608
215488,11,1,1100207.0,2021,9,13,2,3,5,2,0,1,1,0,0,0,0,0,"798610,1478","5827019,675",13.40114241,52.51132464
215487,11,8,8100418.0,2021,8,19,1,3,5,3,0,0,1,0,1,0,0,1,"801656,3426","5823976,524",13.4431377,52.48237247
215486,11,1,1401047.0,2021,9,15,5,3,6,7,0,1,0,1,0,0,0,0,"795534,3425","5830039,296",13.35863576,52.54006808
215485,11,11,11100101.0,2021,9,0,7,2,8,1,2,0,0,0,1,0,0,0,"805841,4528","5834610,46",13.51435636,52.57534909
215484,11,3,3400826.0,2021,9,12,5,3,5,3,0,1,1,0,0,0,0,0,"798683,8247","5832810,671",13.40742984,52.56319222
215483,11,8,8300935.0,2021,9,21,5,3,5,2,2,0,1,0,0,0,0,0,"802295,019","5817832,1",13.4469518,52.42694596
215482,11,12,12100206.0,2021,8,16,7,3,5,2,0,0,1,0,0,0,0,0,"794071,9825","5833551,793",13.34024766,52.57234638
215481,11,12,12200411.0,2021,8,16,4,3,1,5,0,1,1,0,0,0,0,0,"792523,3988","5832685,023",13.31669819,52.56541068
215480,11,1,1100313.0,2021,9,14,7,3,5,3,0,1,1,0,0,0,0,0,"799718,6083","5827023,775",13.41743077,52.51075348
215479,11,2,2500831.0,2021,9,18,6,3,0,6,1,1,1,0,0,0,0,0,"802748,9213","5827330,425",13.46222583,52.51182864
215478,11,4,4300517.0,2021,9,7,4,3,5,3,0,0,1,0,1,0,0,0,"791905,6982","5828208,288",13.30367646,52.52560952
215477,11,12,12500930.0,2021,9,16,2,3,5,2,0,0,1,0,0,0,1,0,"793936,21","5835291,479",13.33979275,52.58801476
215476,11,4,4500939.0,2021,9,9,3,3,5,2,0,0,1,0,0,0,1,0,"792347,6023","5824082,987",13.30654876,52.48839044
215475,11,4,4300414.0,2021,9,9,2,3,5,2,0,1,1,0,0,0,0,0,"790960,923","5826753,914",13.28851765,52.51307615
215474,11,1,1300732.0,2021,8,14,2,3,5,3,0,1,1,0,0,0,0,0,"797684,9363","5832851,302",13.3927737,52.56410348
215473,11,4,4501042.0,2021,9,19,6,3,2,6,1,0,1,0,0,0,1,1,"793940,7295","5826183,591",13.33179809,52.50636586
215472,11,1,1100309.0,2021,9,20,4,3,1,5,2,0,1,0,1,0,0,0,"798247,626","5829005,588",13.39759698,52.52932405
215471,11,1,1200624.0,2021,8,12,2,3,5,2,0,1,0,0,0,1,0,1,"795659,7685","5829734,084",13.36020818,52.53726411
215470,11,1,1100102.0,2021,8,15,5,2,5,3,0,1,1,0,0,0,0,0,"796672,7125","5827943,545",13.37350147,52.52066335
215469,11,4,4300623.0,2021,9,16,2,3,6,4,0,1,0,1,0,0,0,0,"792250,4932","5826112,956",13.30690379,52.50664069
215468,11,1,1401047.0,2021,9,19,6,3,5,3,0,0,1,0,0,0,0,0,"795664,8371","5830275,593",13.36076457,52.54211549
215467,11,1,1100414.0,2021,8,19,3,3,1,5,1,1,1,0,0,0,0,0,"797470,6179","5829367,662",13.3865007,52.53299416
215466,11,8,8100208.0,2021,9,14,7,2,1,5,0,1,1,0,0,0,0,0,"801268,5488","5822888,737",13.43646173,52.47283644
215465,11,5,5100315.0,2021,9,6,5,2,1,5,0,0,1,0,1,0,0,0,"784429,0891","5829929,383",13.1952443,52.54499311
215464,11,4,4501042.0,2021,8,12,5,3,1,5,0,1,1,0,0,0,0,0,"793664,3022","5825645,147",13.32726211,52.50168783
215463,11,5,5200420.0,2021,9,20,3,2,3,6,2,0,1,0,1,0,0,0,"782478,3134","5828528,92",13.16536321,52.53345106
215462,11,1,1100310.0,2021,9,12,3,3,2,6,0,0,1,0,1,0,0,1,"799508,228","5828124,773",13.41533113,52.52073779
215461,11,1,1300834.0,2021,8,5,5,3,2,2,1,1,1,0,0,0,0,1,"798070,4796","5829988,116",13.39587447,52.53822801
215460,11,9,9301025.0,2021,8,17,3,3,5,3,0,1,1,0,0,0,0,0,"811033,1487","5816261,134",13.57359682,52.40797058
215459,11,1,1200521.0,2021,9,15,6,3,6,4,0,1,0,1,0,0,0,0,"793696,563","5828321,927",13.33009854,52.52566646
215458,11,12,12100205.0,2021,9,9,5,2,5,2,0,0,0,0,0,0,1,0,"795450,2684","5834153,114",13.36106186,52.57699024
215457,11,2,2300314.0,2021,9,16,3,3,5,2,0,0,1,0,1,0,0,0,"799902,4527","5825714,119",13.41895194,52.49891343
215456,11,4,4501040.0,2021,9,19,1,3,0,6,2,0,1,0,0,0,1,0,"792502,0042","5825412,209",13.30998333,52.50022389
215455,11,1,1100415.0,2021,9,18,4,3,2,2,0,1,1,0,0,0,0,0,"798302,0477","5829371,984",13.39872563,52.53257852
215454,11,10,10400835.0,2021,9,16,2,3,5,3,0,0,1,0,0,0,0,0,"811216,8241","5827914,747",13.58715221,52.51230004
215453,11,10,10200627.0,2021,9,17,1,3,5,5,0,1,1,0,0,0,0,0,"811240,7629","5829823,014",13.58928927,52.52938698
215452,11,3,3601245.0,2021,8,18,7,3,9,1,0,0,1,0,0,0,0,0,"801133,456","5831081,411",13.44189077,52.54634347
215451,11,9,9200716.0,2021,9,6,6,3,3,2,1,0,1,0,1,0,0,0,"809025,5484","5819434,442",13.54710823,52.43754653
215450,11,1,1100415.0,2021,9,6,6,3,0,1,1,0,0,0,1,0,0,1,"798240,8029","5829360,535",13.39781514,52.53250941
215449,11,12,12601133.0,2021,9,18,4,3,5,3,0,0,1,0,0,0,0,1,"795733,2044","5837042,219",13.36780414,52.60273431
215448,11,12,12200414.0,2021,9,21,4,3,0,7,2,0,0,0,1,0,0,0,"790991,0414","5831332,843",13.29296909,52.55410982
215447,11,6,6200316.0,2021,8,7,6,3,2,6,0,0,1,0,0,0,0,1,"796037,2629","5817621,357",13.35500144,52.42847859
215446,11,8,8401242.0,2021,8,14,4,3,5,3,0,1,1,0,0,0,0,0,"804477,4808","5816942,338",13.47814138,52.41776108
215445,11,3,3100101.0,2021,9,16,6,3,2,1,0,0,1,0,0,0,0,0,"803014,4093","5842070,752",13.47959863,52.6437939
215444,11,6,6100205.0,2021,9,12,6,3,6,4,0,1,0,1,0,0,0,0,"795527,5911","5819724,093",13.34938628,52.44760386
215443,11,4,4400830.0,2021,9,12,3,3,5,3,0,1,1,0,0,0,0,0,"791425,6762","5822994,053",13.29205741,52.47912109
215442,11,1,1300733.0,2021,9,14,2,3,0,7,0,0,0,0,1,0,0,0,"797365,3675","5831200,438",13.38659406,52.5494802
215441,11,8,8200730.0,2021,9,11,5,3,5,7,0,0,1,0,1,0,0,0,"801757,7836","5819073,009",13.44019441,52.43836515
215440,11,4,4200309.0,2021,9,15,3,3,5,3,0,0,1,0,0,0,0,0,"789067,8705","5827003,545",13.26091664,52.51632075
215439,11,3,3200309.0,2021,9,10,3,3,1,5,0,1,1,0,0,0,0,1,"800080,5522","5837505,652",13.43222459,52.6045062
215438,11,2,2400625.0,2021,8,12,1,3,3,6,0,1,0,0,0,0,0,0,"801682,1551","5826124,234",13.44546121,52.50160845
215437,11,12,12500824.0,2021,9,17,6,3,2,6,0,0,1,0,0,0,0,1,"790205,367","5835860,579",13.2853763,52.59511993
215436,11,1,1400938.0,2021,9,5,1,2,5,3,2,0,1,0,0,0,0,0,"794533,1242","5831577,422",13.3452798,52.55439835
215435,11,4,4501149.0,2021,9,13,5,3,5,2,0,0,0,0,0,0,1,0,"793442,6282","5824158,125",13.32269588,52.48847653
215434,11,5,5200528.0,2021,9,15,5,2,5,5,0,0,1,0,1,0,0,0,"783628,9594","5825040,79",13.1793075,52.50157813
215433,11,4,4500937.0,2021,9,14,6,2,5,2,0,1,0,0,0,0,1,0,"791585,2661","5825097,929",13.29624147,52.49789702
215432,11,9,9200512.0,2021,8,15,7,3,1,5,0,1,1,0,0,0,0,0,"808858,8161","5821625,19",13.54668859,52.45727412
215431,11,11,11300721.0,2021,8,7,4,2,0,1,0,1,0,0,0,0,0,0,"805162,1898","5829815,865",13.49995669,52.53275957
215430,11,3,3200309.0,2021,9,15,1,3,2,6,0,0,1,0,1,0,0,0,"800031,026","5837276,888",13.43128811,52.60248309
215429,11,4,4501041.0,2021,9,21,7,3,0,6,2,0,1,0,0,0,1,0,"793155,4599","5825601,448",13.31974882,52.50156969
215428,11,9,9100306.0,2021,8,5,3,3,5,2,1,1,0,0,0,0,1,1,"804941,3071","5820719,675",13.48838575,52.45135807
215427,11,12,12500824.0,2021,9,23,6,3,5,3,2,0,1,0,0,0,1,0,"790238,4625","5835845,882",13.28585064,52.5949705
215426,11,4,4200311.0,2021,10,8,6,3,2,6,0,0,1,0,1,0,0,0,"790126,4835","5826083,023",13.27567116,52.50750602
215425,11,4,4501152.0,2021,9,14,3,3,5,2,0,1,1,0,0,0,0,0,"793981,2214","5824712,988",13.33109482,52.49316084
215424,11,1,1100308.0,2021,9,8,4,3,5,3,0,1,1,0,0,0,0,0,"796973,9569","5828731,015",13.37863148,52.52755817
215423,11,5,5200629.0,2021,9,20,3,3,6,2,2,0,1,1,0,0,0,0,"784704,8317","5828584,924",13.19814752,52.53279468
215422,11,1,1100102.0,2021,8,14,2,3,0,1,0,0,0,0,1,0,0,0,"796578,9846","5826873,412",13.37117024,52.51112167
215421,11,5,5100210.0,2021,9,7,6,3,5,2,0,1,1,0,0,0,0,0,"783977,359","5830083,677",13.18873272,52.54661218
215420,11,11,11100204.0,2021,8,13,2,3,5,3,0,0,1,0,0,0,0,1,"806318,7628","5833904,919",13.52072617,52.56875755
215419,11,12,12100204.0,2021,8,7,6,3,5,3,0,1,1,0,0,0,0,1,"795068,1269","5832799,665",13.35423472,52.56506512
215418,11,8,8100310.0,2021,9,19,2,3,2,6,0,0,1,0,0,0,1,0,"800561,1016","5825094,106",13.42806602,52.4929937
215417,11,1,1200625.0,2021,9,3,7,3,5,3,2,0,1,0,0,0,1,0,"794701,255","5828865,752",13.34534697,52.52999932
215416,11,11,11300722.0,2021,9,10,4,3,1,5,0,1,1,0,0,0,0,0,"803692,8655","5828331,037",13.47700586,52.52027214
215415,11,3,3400827.0,2021,9,13,1,3,0,7,0,0,0,0,1,0,0,1,"799526,5151","5831956,884",13.41905403,52.55507651
215414,11,9,9300920.0,2021,8,11,6,3,2,6,0,0,1,0,0,0,1,0,"808509,5554","5817298,681",13.53757158,52.41869695
215413,11,2,2100103.0,2021,9,15,4,3,5,3,0,1,1,0,0,0,0,0,"798418,3425","5825770,503",13.39720479,52.50023241
215412,11,5,5300838.0,2021,9,12,6,3,8,1,0,0,0,0,0,0,1,0,"788019,107","5830835,801",13.24882489,52.55123346
215411,11,8,8301037.0,2021,9,15,4,3,5,3,0,1,1,0,0,0,0,1,"804710,5436","5817746,817",13.48229043,52.42484176
215410,11,3,3300516.0,2021,9,15,4,3,5,3,0,1,1,0,0,0,0,1,"801037,4979","5833767,268",13.44291606,52.57047005
215409,11,10,10200524.0,2021,8,17,5,3,2,6,0,0,1,0,0,0,0,1,"812329,6486","5830563,621",13.6059846,52.5354009
215408,11,4,4300620.0,2021,8,16,3,3,2,6,0,0,1,0,0,0,0,0,"793284,0558","5827815,293",13.32358881,52.52134677
215407,11,1,1400938.0,2021,9,19,7,2,0,1,1,0,0,0,0,0,1,0,"793971,5895","5830152,021",13.33575943,52.54192392
215406,11,12,12500825.0,2021,9,15,4,3,2,2,0,1,0,0,0,0,1,0,"791259,9722","5834950,014",13.30010109,52.58639318
215405,11,6,6200313.0,2021,9,15,3,3,1,5,0,1,1,0,0,0,0,0,"795441,5991","5818538,65",13.34707658,52.43702357
215404,11,7,7100102.0,2021,9,3,1,3,1,5,2,0,1,0,0,0,1,0,"795031,4582","5825249,327",13.34699421,52.4974021
215403,11,8,8100105.0,2021,8,10,2,3,2,6,0,0,1,0,0,0,0,1,"800960,9996","5822262,501",13.43138258,52.46739282
215402,11,9,9301025.0,2021,8,15,6,3,5,3,0,1,1,0,0,0,0,0,"810981,654","5814213,408",13.57094157,52.38964869
215401,11,12,12200308.0,2021,9,14,2,2,6,4,0,0,1,1,0,0,0,0,"792401,9134","5833690,285",13.31579726,52.57448769
215400,11,1,1200625.0,2021,9,10,7,3,5,2,0,1,1,0,0,0,0,1,"794775,1383","5828918,037",13.34647932,52.53042807
215399,11,1,1401047.0,2021,8,16,3,3,2,7,0,0,1,0,0,0,0,0,"795476,0504","5830677,573",13.35834648,52.54582129
215398,11,12,12400720.0,2021,9,19,1,3,5,3,2,0,1,0,0,0,0,0,"789632,4471","5839732,463",13.28033163,52.63013657
215397,11,12,12100102.0,2021,8,20,6,3,1,1,2,0,1,0,1,0,0,0,"796603,0707","5833562,27",13.37749566,52.57106694
215396,11,1,1400938.0,2021,9,17,5,3,1,5,0,1,1,0,0,0,0,0,"794692,872","5831440,553",13.3475077,52.55308501
215395,11,2,2400625.0,2021,9,16,5,3,5,2,0,1,1,0,0,0,0,0,"801750,0383","5826253,006",13.44657492,52.50272511
215394,11,4,4501041.0,2021,9,14,4,3,5,2,0,0,1,0,1,0,0,0,"793133,8025","5825600,264",13.31942963,52.50157071
215393,11,8,8100415.0,2021,9,8,4,2,6,2,0,0,0,1,0,0,1,0,"801385,6963","5823740,114",13.43895061,52.48040291
215392,11,7,7400824.0,2021,8,22,4,3,5,2,2,0,1,0,0,0,0,1,"797866,7118","5821888,051",13.38563342,52.46573207
215391,11,3,3400725.0,2021,8,13,3,3,5,2,0,1,1,0,0,0,0,0,"798825,9107","5834942,454",13.41144072,52.58222236
215390,11,1,1100309.0,2021,9,11,6,3,5,3,0,0,1,0,0,0,0,0,"797892,77","5828186,453",13.39164762,52.52217558
215389,11,8,8100520.0,2021,9,22,5,3,6,4,2,0,1,1,0,0,0,1,"802758,4443","5823071,481",13.45849573,52.47365066
215388,11,11,11400929.0,2021,9,16,3,3,5,5,0,0,1,0,1,0,0,0,"805179,2477","5827194,078",13.49780202,52.50925243
215387,11,3,3601243.0,2021,9,6,2,3,5,3,0,1,1,0,0,0,0,0,"799824,8966","5831539,347",13.42306486,52.55116982
215386,11,9,9100408.0,2021,9,15,5,3,5,2,0,1,1,0,0,0,0,0,"806254,8273","5819253,499",13.50631064,52.43748328
215385,11,2,2100102.0,2021,9,10,2,3,0,6,0,0,1,0,1,0,0,0,"798242,8393","5826118,626",13.3949388,52.50344884
215384,11,4,4200308.0,2021,9,15,5,3,2,6,0,0,1,0,1,0,0,0,"790364,1546","5827303,768",13.28022834,52.51832366
215383,11,8,8100208.0,2021,9,11,1,3,1,5,0,1,1,0,0,0,0,0,"801192,1182","5822660,217",13.43513356,52.4708303
215382,11,2,2200209.0,2021,8,12,7,3,2,2,0,0,1,0,1,0,0,0,"797123,6778","5823996,241",13.37660622,52.48503447
215381,11,2,2200209.0,2021,9,23,5,3,4,6,2,1,0,0,0,0,1,0,"797272,6225","5824612,488",13.37934287,52.49047739
215380,11,5,5200631.0,2021,9,14,7,3,2,6,0,0,1,0,1,0,0,1,"785102,561","5827598,443",13.20314919,52.52374205
215379,11,1,1400938.0,2021,9,20,4,3,0,6,2,0,1,0,1,0,0,1,"794674,6333","5831455,404",13.34725266,52.55322801
215378,11,5,5200525.0,2021,9,19,4,3,2,6,2,0,1,0,0,0,0,1,"781795,1658","5827198,016",13.15419043,52.52187116
215377,11,1,1300733.0,2021,8,17,6,3,5,2,0,1,1,0,0,0,0,0,"797080,2853","5831450,461",13.38262574,52.5518769
215376,11,10,10100316.0,2021,9,12,6,3,2,6,0,0,1,0,1,0,0,0,"810333,0722","5831828,054",13.57782421,52.54787248
215375,11,3,3601142.0,2021,8,18,4,2,0,7,0,0,0,0,0,0,1,0,"798767,3339","5831023,869",13.40705002,52.54713042
215374,11,5,5100316.0,2021,9,9,7,3,4,6,0,0,0,0,0,0,1,0,"785078,7193","5829428,994",13.20436871,52.54016712
215373,11,3,3500932.0,2021,9,11,6,2,0,1,0,0,1,0,0,0,0,0,"801220,6139","5832369,58",13.44434085,52.55784122
215372,11,3,3601140.0,2021,9,12,3,3,2,4,0,0,1,1,0,0,0,0,"798654,8389","5831794,049",13.40608869,52.55409562
215371,11,2,2400521.0,2021,9,14,2,3,5,2,0,1,0,0,0,0,1,0,"800718,2645","5827875,413",13.43288609,52.51783677
215370,11,3,3200205.0,2021,8,9,2,3,0,2,0,1,0,0,1,0,0,1,"797408,5892","5835086,319",13.39071347,52.58428849
215369,11,10,10100313.0,2021,9,19,2,3,2,6,2,0,1,0,0,0,0,0,"808722,8003","5831296,827",13.55365858,52.54402666
215368,11,7,7400927.0,2021,9,10,3,3,5,3,0,0,1,0,0,0,0,1,"798636,136","5820660,484",13.39582767,52.45430844
215367,11,2,2500830.0,2021,8,12,2,3,1,1,0,0,0,0,0,0,1,1,"802395,6181","5827438,773",13.45713406,52.51299573
215366,11,8,8301037.0,2021,9,16,6,3,1,5,1,0,1,0,0,0,0,1,"804278,2913","5817811,332",13.47601176,52.42566052
215365,11,10,10100205.0,2021,9,14,1,3,0,3,0,0,1,0,0,0,1,0,"807610,5329","5832365,352",13.53829843,52.55423176
215364,11,4,4501152.0,2021,9,15,5,3,5,2,0,0,1,0,1,0,0,0,"793975,648","5824709,992",13.33101032,52.49313699
215363,11,11,11400931.0,2021,8,16,2,3,2,7,0,0,1,0,0,0,0,1,"806627,4558","5827184,416",13.51906518,52.5083538
215362,11,1,1100309.0,2021,8,18,7,2,6,2,0,1,0,1,0,0,0,1,"798616,7386","5828406,353",13.40248388,52.52375068
215361,11,3,3400725.0,2021,9,7,2,3,2,3,0,1,1,0,0,0,0,0,"798830,5249","5834933,544",13.41150058,52.58213996
215360,11,9,9401329.0,2021,9,10,1,3,5,3,0,1,1,0,0,0,0,0,"816404,338","5817588,216",13.65355155,52.41678492
215359,11,8,8200831.0,2021,8,9,3,3,0,2,0,1,1,0,0,0,0,1,"799610,1448","5816426,278",13.40632409,52.4158214
215358,11,7,7300619.0,2021,9,15,6,3,3,6,0,1,1,0,0,0,0,0,"795906,1726","5820836,333",13.35592602,52.45736953
215357,11,11,11300620.0,2021,10,19,6,3,5,3,2,0,1,0,0,0,0,0,"804044,459","5829064,505",13.4828423,52.52665003
215356,11,6,6300632.0,2021,9,15,3,3,5,2,0,1,1,0,0,0,0,0,"792232,5529","5816671,323",13.2983725,52.42200711
215355,11,11,11100102.0,2021,9,10,3,3,2,6,0,0,1,0,0,0,0,0,"807314,8237","5834165,01",13.53561726,52.57052708
215354,11,1,1100416.0,2021,9,12,3,2,0,1,0,1,0,0,0,0,0,1,"798775,0263","5829656,913",13.40593384,52.53487344
215353,11,6,6300525.0,2021,8,17,3,3,5,3,2,0,1,0,1,0,0,0,"790243,3756","5814880,289",13.26764951,52.40700853
215352,11,8,8401139.0,2021,9,18,6,3,3,6,0,1,1,0,0,0,0,0,"803466,6678","5818614,696",13.46484097,52.43331181
215351,11,6,6300633.0,2021,9,8,3,3,5,2,0,1,1,0,0,0,0,0,"793263,4669","5819084,918",13.31560634,52.443093
215350,11,1,1100207.0,2021,9,22,6,3,5,3,2,0,1,0,0,0,0,1,"797902,3678","5826577,723",13.39034838,52.50775008
215349,11,1,1100416.0,2021,9,9,4,3,5,2,0,1,1,0,0,0,0,0,"798676,818","5829457,174",13.40431076,52.5331369