ObjectID,State,District,LOR_ab_2021,AccidentYear,AccidentMonth,AccidentHour,DayOfWeek,AccidentCategory,AccidentType,AccidentTypeDetail,LightingCondition,InvolvingBike,InvolvingCar,InvolvingPedestrian,InvolvingMotorcycle,InvolvingHGV,InvolvingOther,RoadCondition,GraphicCoord1,GraphicCoord2,LongitudeWGS84,LatitudeWGS84
215348,11,12,12500824.0,2021,9,15,5,3,6,7,0,0,0,1,0,0,1,0,"791020,7715","5835356,518",13.29693747,52.59016541
215347,11,11,11100206.0,2021,9,12,7,3,1,5,0,1,1,0,0,0,0,0,"805530,7961","5834367,188",13.50956223,52.57334332
215346,11,11,11300722.0,2021,8,17,7,3,5,2,0,0,1,0,1,0,0,0,"804247,2921","5828697,631",13.48548729,52.52324874
215345,11,2,2100104.0,2021,9,17,5,3,5,2,0,0,1,0,1,0,0,0,"799226,5514","5825991,86",13.40927441,52.50177399
215344,11,1,1100103.0,2021,9,7,5,3,5,3,0,1,1,0,0,0,0,0,"795782,6566","5825768,986",13.35848914,52.50165381
215343,11,12,12100205.0,2021,9,14,3,3,5,3,0,1,1,0,0,0,0,0,"794528,06","5833159,316",13.34660939,52.56858154
215342,11,2,2300315.0,2021,9,12,4,2,5,3,0,0,1,0,1,0,0,1,"800793,9847","5825813,909",13.43213583,52.49931723
215341,11,12,12200308.0,2021,8,14,5,3,6,4,0,0,1,1,0,0,0,1,"793043,8521","5833649,975",13.32520721,52.57378107
215340,11,4,4200206.0,2021,8,12,3,3,5,3,0,0,1,0,1,0,0,0,"788687,8687","5825918,285",13.25439071,52.50679227
215339,11,12,12100205.0,2021,9,20,7,3,2,6,2,1,1,0,0,0,0,0,"794832,9081","5833523,993",13.35141838,52.57168553
215338,11,2,2500836.0,2021,9,16,5,3,6,7,0,0,0,1,0,0,1,0,"803246,4528","5825983,355",13.4683078,52.49947874
215337,11,4,4501040.0,2021,9,11,3,3,0,4,0,0,0,1,0,0,1,0,"792463,8035","5825403,445",13.30941448,52.50016579
215336,11,9,9200510.0,2021,9,18,7,3,5,2,0,1,1,0,0,0,0,1,"806606,7131","5822046,621",13.51403473,52.46231914
215335,11,8,8100206.0,2021,9,23,4,3,1,5,2,1,1,0,0,0,0,0,"800549,5947","5823758,515",13.42669268,52.48102865
215334,11,5,5100316.0,2021,9,19,2,3,5,2,1,0,1,0,0,0,0,0,"784793,1719","5828794,47",13.1996259,52.53462731
215333,11,4,4300518.0,2021,9,8,1,2,5,3,0,1,1,0,0,0,0,0,"792682,3417","5828137,691",13.31502943,52.52456027
215332,11,2,2500830.0,2021,8,10,1,3,5,3,0,0,1,0,0,0,1,0,"802446,3444","5827426,614",13.45786823,52.51285863
215331,11,8,8100415.0,2021,9,16,5,3,0,7,0,0,1,0,1,0,0,1,"801562,7018","5823822,027",13.44162321,52.48103941
215330,11,1,1200629.0,2021,9,19,6,3,3,6,2,0,1,0,1,0,0,0,"794586,578","5827502,732",13.34245397,52.51784276
215329,11,11,11200411.0,2021,9,18,4,2,0,1,0,0,0,0,1,0,0,1,"805024,0848","5831478,047",13.49945292,52.54773403
215328,11,12,12200412.0,2021,9,10,5,3,2,6,0,0,1,0,0,1,0,1,"790447,3925","5833696,877",13.28704277,52.5755934
215327,11,8,8100103.0,2021,8,8,6,3,3,6,0,0,1,0,0,1,0,1,"800713,9381","5822883,116",13.42831602,52.47309166
215326,11,5,5100313.0,2021,8,14,4,2,5,3,0,0,0,0,0,1,1,0,"785385,4076","5830624,537",13.20990581,52.55072564
215325,11,5,5200528.0,2021,9,7,2,3,5,2,0,1,1,0,0,0,0,0,"783645,4151","5825890,001",13.18027282,52.50918382
215324,11,8,8100417.0,2021,8,18,2,3,6,4,1,0,1,1,0,0,0,0,"801721,0773","5822743,109",13.44297218,52.47128139
215323,11,4,4501040.0,2021,9,2,5,2,0,1,2,0,0,0,0,0,1,0,"792649,5543","5825767,433",13.31246296,52.50332926
215322,11,5,5100316.0,2021,9,15,5,3,2,6,0,0,0,0,1,1,0,0,"784791,1884","5828848,348",13.19964291,52.53511142
215321,11,6,6100101.0,2021,9,9,4,3,0,1,0,0,0,0,1,0,0,0,"793517,0661","5820624,78",13.32067992,52.45676134
215320,11,2,2200209.0,2021,9,16,2,3,0,2,0,1,1,0,0,0,0,0,"797749,362","5824034,295",13.38582718,52.48503473
215319,11,1,1100103.0,2021,8,16,1,3,3,6,0,0,1,0,0,0,0,1,"795261,9852","5826012,613",13.35105691,52.50411973
215318,11,11,11200513.0,2021,9,22,3,2,8,1,2,0,1,0,0,0,0,1,"803944,5692","5830458,211",13.48264881,52.53919699
215317,11,2,2200210.0,2021,9,9,2,3,5,3,0,1,0,0,0,0,1,0,"799030,9882","5824724,537",13.40526428,52.49052142
215316,11,1,1100206.0,2021,8,8,3,3,5,2,0,1,1,0,0,0,0,0,"797760,3637","5827453,055",13.38904542,52.51567389
215315,11,7,7400826.0,2021,9,17,6,3,5,3,1,0,1,0,0,0,0,1,"797023,8172","5820694,722",13.37220055,52.45549387
215314,11,6,6100102.0,2021,9,20,4,2,5,2,1,1,0,0,1,0,0,0,"793736,9987","5820563,08",13.32385312,52.45609006
215313,11,2,2100102.0,2021,8,13,1,2,3,6,0,0,1,0,0,0,0,1,"798187,161","5825519,986",13.39358492,52.49811321
215312,11,3,3601142.0,2021,9,9,4,3,0,2,0,1,1,0,0,0,0,0,"799136,325","5830601,517",13.41209503,52.5431422
215311,11,4,4501146.0,2021,9,12,2,3,5,7,0,0,1,0,0,0,0,0,"792628,8496","5824184,567",13.31076826,52.48915039
215310,11,10,10100104.0,2021,9,15,1,3,2,6,0,0,1,0,0,0,0,0,"810318,8872","5833577,713",13.57925124,52.56355994
215309,11,11,11100101.0,2021,8,10,7,2,5,3,0,0,1,0,0,0,0,0,"806180,8935","5834994,749",13.5197046,52.57860227
215308,11,4,4300518.0,2021,9,9,6,3,5,3,0,1,1,0,0,0,0,0,"792459,6341","5827986,008",13.31162276,52.52331999
215307,11,10,10200417.0,2021,9,17,6,3,2,6,0,0,1,0,0,0,0,0,"811588,6709","5831904,222",13.59635276,52.54783838
215306,11,8,8100312.0,2021,9,20,4,3,1,5,2,1,1,0,0,0,0,1,"801397,9843","5823939,718",13.43931144,52.48218523
215305,11,1,1100308.0,2021,9,14,5,3,5,2,0,1,1,0,0,0,0,0,"796372,6547","5829441,851",13.37042758,52.53425731
215304,11,11,11300722.0,2021,8,17,5,3,0,1,0,1,0,0,0,0,0,1,"803852,2022","5828356,063",13.47936984,52.52040768
215303,11,7,7601341.0,2021,8,11,3,2,0,1,0,0,0,0,0,0,1,1,"798069,2705","5814226,675",13.38177695,52.39694539
215302,11,3,3601348.0,2021,9,3,1,3,0,1,2,0,0,0,0,0,1,0,"799694,0794","5830516,181",13.42021803,52.54207081
215301,11,4,4500937.0,2021,9,15,5,3,1,5,0,0,1,0,0,0,1,0,"791057,1699","5824826,81",13.28824725,52.49574835
215300,11,5,5300737.0,2021,9,16,3,3,2,6,0,0,1,0,1,0,0,0,"787944,6108","5830013,011",13.2470158,52.5438962
215299,11,1,1100101.0,2021,9,11,2,3,0,7,0,0,1,0,1,0,0,0,"794672,0412","5826047,084",13.342421,52.50474767
215298,11,10,10200630.0,2021,8,19,1,3,5,3,2,0,1,0,0,0,0,1,"811776,1478","5829322,219",13.59668647,52.52459333
215297,11,8,8100417.0,2021,9,8,3,3,5,2,0,1,1,0,0,0,0,0,"802489,755","5823165,467",13.45463718,52.47464192
215296,11,3,3400721.0,2021,9,18,2,3,1,5,1,1,1,0,0,0,0,0,"798026,0671","5833398,159",13.39828275,52.56881866
215295,11,11,11501238.0,2021,8,5,2,3,2,6,1,0,1,0,0,0,0,1,"804071,7518","5825992,036",13.48043609,52.49909733
215294,11,1,1200628.0,2021,9,12,6,2,5,2,0,1,1,0,0,0,0,0,"795704,2147","5828178,002",13.35947746,52.5232911
215293,11,5,5200631.0,2021,9,15,7,3,5,3,0,0,1,0,1,0,0,1,"785065,487","5827598,676",13.20260442,52.52376352
215292,11,2,2200210.0,2021,9,2,5,2,0,7,2,1,0,0,0,0,0,1,"798583,7839","5825147,584",13.39907638,52.49455826
215291,11,4,4501042.0,2021,8,20,1,3,6,2,2,0,1,1,0,0,0,1,"794487,3023","5825868,481",13.33954912,52.50324634
215290,11,9,9100407.0,2021,10,12,6,2,6,4,0,0,1,1,0,0,0,0,"805798,5601","5819535,418",13.49987743,52.44026528
215289,11,1,1401045.0,2021,8,3,1,3,9,1,2,0,1,0,0,0,0,1,"796828,2094","5831551,426",13.37900911,52.55291936
215288,11,9,9300920.0,2021,9,16,2,3,5,2,0,1,1,0,0,0,0,0,"807697,6704","5817815,323",13.52614594,52.42378425
215287,11,7,7601339.0,2021,9,21,1,2,1,5,2,0,1,0,0,0,1,0,"795598,3628","5815077,377",13.3463179,52.40591057
215286,11,5,5200629.0,2021,8,17,3,2,6,4,0,0,0,1,0,0,1,0,"784678,3333","5828526,003",13.19770746,52.53228023
215285,11,4,4501149.0,2021,9,10,6,3,5,2,0,1,1,0,0,0,0,0,"793483,0773","5824039,788",13.32318568,52.48739394
215284,11,3,3200310.0,2021,9,6,5,3,6,4,1,0,1,1,0,0,0,0,"799904,332","5838067,948",13.43013981,52.60964338
215283,11,5,5100211.0,2021,9,17,3,3,5,2,0,1,1,0,0,0,0,0,"781904,4675","5829560,757",13.15780108,52.5430001
215282,11,8,8100311.0,2021,9,16,3,3,6,4,0,0,0,1,0,0,1,0,"800972,7531","5824759,62",13.43380891,52.48976879
215281,11,9,9100101.0,2021,9,10,4,3,6,4,0,0,1,1,0,0,0,1,"802261,4509","5824838,949",13.45280329,52.48976783
215280,11,8,8100520.0,2021,8,17,2,3,5,3,0,1,1,0,0,0,0,0,"803151,4103","5822964,606",13.46416645,52.47247479
215279,11,7,7501029.0,2021,9,10,6,2,1,5,0,0,1,0,0,0,0,0,"797629,8584","5819185,832",13.37974882,52.44163853
215278,11,2,2200213.0,2021,9,16,3,3,5,2,0,0,1,0,0,0,1,0,"799760,4121","5824819,42",13.41606073,52.49097185
215277,11,1,1300835.0,2021,9,6,3,3,0,2,0,1,1,0,0,0,0,0,"797764,0978","5829743,991",13.3911517,52.53620723
215276,11,6,6200313.0,2021,9,14,6,2,5,3,0,1,1,0,0,0,0,1,"794984,656","5818414,391",13.34026451,52.43615629
215275,11,3,3601245.0,2021,9,13,4,2,3,6,0,0,1,0,1,0,0,0,"800216,8195","5830935,281",13.42828173,52.54553956
215274,11,4,4501042.0,2021,9,11,5,3,6,7,0,0,1,1,0,0,0,0,"794195,9075","5825938,178",13.33533009,52.50402833
215273,11,8,8100521.0,2021,9,20,7,3,6,2,2,0,1,1,0,0,0,0,"803391,7194","5822545,73",13.46731262,52.46858704
215272,11,9,9501939.0,2021,8,15,7,3,0,6,0,0,1,0,0,0,1,0,"811010,4491","5821788,324",13.57840514,52.45751601
215271,11,4,4501043.0,2021,9,16,5,3,5,2,0,1,1,0,0,0,0,0,"792588,358","5824842,484",13.31075136,52.49507015
215270,11,7,7100102.0,2021,9,23,5,3,1,5,2,1,1,0,0,0,0,0,"795288,529","5825172,99",13.35070236,52.49657876
215269,11,8,8300935.0,2021,9,7,4,3,0,2,0,1,1,0,0,0,0,0,"802306,8278","5817840,181",13.44713225,52.42701187
215268,11,6,6200420.0,2021,9,13,4,3,1,5,0,0,1,0,0,0,0,1,"792605,5765","5815627,845",13.30293005,52.41245306
215267,11,5,5200423.0,2021,8,7,6,3,6,2,0,0,1,1,0,0,0,1,"780870,5496","5828313,119",13.14154062,52.53234699
215266,11,1,1100205.0,2021,8,12,3,3,7,7,0,0,0,0,1,0,0,0,"796977,836","5827282,26",13.377395,52.51456955
215265,11,4,4300623.0,2021,9,21,6,2,4,6,2,1,0,0,0,0,1,0,"792432,5249","5826118,347",13.30958289,52.50659147
215264,11,11,11400929.0,2021,9,19,4,3,6,4,2,0,1,1,0,0,0,0,"804783,925","5826427,79",13.49129363,52.50260554
215263,11,6,6300634.0,2021,9,21,3,3,5,2,2,0,1,0,1,0,0,0,"792937,9441","5817752,375",13.30966292,52.43132145
215262,11,3,3601346.0,2021,9,17,7,3,0,5,0,0,0,1,0,0,1,1,"799403,9362","5831080,196",13.41646088,52.54728581
215261,11,1,1401045.0,2021,9,13,5,3,6,7,0,1,0,1,0,0,0,0,"796879,124","5831554,601",13.37976069,52.55292007
215260,11,1,1200520.0,2021,9,17,2,3,2,6,0,0,1,0,0,0,0,0,"794233,6681","5828442,068",13.33809898,52.52645384
215259,11,4,4300413.0,2021,9,3,1,3,0,1,2,0,0,0,0,0,1,0,"791345,8129","5826903,329",13.29430412,52.51421019
215258,11,5,5100211.0,2021,8,7,2,3,0,1,0,0,0,0,1,0,0,1,"783295,7738","5829227,032",13.17797768,52.53928619
215257,11,1,1100310.0,2021,9,9,5,3,2,6,0,0,1,0,0,0,1,0,"799582,0631","5828733,929",13.4169648,52.52615736
215256,11,4,4300622.0,2021,9,9,6,3,6,4,0,1,0,1,0,0,0,0,"793493,6309","5826491,772",13.32550135,52.50936927
215255,11,1,1100103.0,2021,9,17,4,3,2,7,0,0,0,0,0,0,1,1,"795439,2953","5825809,221",13.35348114,52.5022005
215254,11,6,6400840.0,2021,9,12,5,2,6,7,0,1,1,1,0,0,0,0,"789273,6321","5819768,781",13.25766214,52.45134948
215253,11,5,5300735.0,2021,8,19,6,3,5,2,0,0,1,0,0,0,0,0,"786567,827","5830553,815",13.22723591,52.54947077
215252,11,6,6200313.0,2021,8,16,4,2,4,6,0,1,0,0,0,0,1,0,"795325,9907","5818490,934",13.3453387,52.43665826
215251,11,11,11300617.0,2021,9,15,1,3,3,6,0,0,1,0,0,0,1,0,"803204,8563","5829587,923",13.47098152,52.53180889
215250,11,9,8100521.0,2021,9,14,5,3,5,3,0,1,1,0,0,0,0,0,"804107,2908","5821880,153",13.47720769,52.46222378
215249,11,3,3500932.0,2021,9,10,4,3,2,6,0,0,1,0,0,0,0,0,"801427,161","5833148,514",13.4480859,52.56470853
215248,11,6,6200421.0,2021,9,20,2,3,5,2,1,1,0,0,0,0,1,0,"793462,3502","5817168,214",13.31684156,52.42580352
215247,11,3,3500934.0,2021,9,14,3,3,2,2,0,0,1,0,0,0,0,0,"801153,7498","5831608,631",13.44266724,52.55105777
215246,11,8,8401242.0,2021,9,14,3,3,5,3,0,0,1,0,1,0,0,1,"805040,752","5817542,549",13.48694538,52.42282699
215245,11,7,7300517.0,2021,8,8,3,3,2,6,0,0,1,0,0,0,0,0,"793934,3499","5822611,856",13.32855372,52.4743504
215244,11,11,11300620.0,2021,9,15,6,2,5,2,0,1,0,0,0,1,0,1,"803521,8757","5829743,09",13.4757824,52.53302318
215243,11,4,4300619.0,2021,9,0,4,3,1,7,2,0,1,0,0,0,0,0,"792696,3267","5827077,456",13.31430206,52.51504812
215242,11,3,3601140.0,2021,8,19,2,2,8,1,2,0,1,0,0,0,0,1,"798512,5354","5831485,584",13.40371866,52.5514087
215241,11,12,12200515.0,2021,8,11,6,3,5,3,0,1,0,0,0,0,1,1,"790428,0431","5835178,609",13.28805651,52.58888729
215240,11,2,2100104.0,2021,9,13,2,3,5,2,0,1,1,0,0,0,0,0,"799334,6625","5826190,594",13.41104101,52.50349606
215239,11,10,10300733.0,2021,9,13,7,3,2,6,0,0,1,0,0,0,0,0,"809522,3368","5827546,383",13.56192017,52.50996299
215238,11,7,7400823.0,2021,9,16,5,3,5,3,0,0,1,0,0,0,0,0,"797015,7715","5820706,469",13.37209294,52.45560354
215237,11,1,1200624.0,2021,9,20,6,3,5,2,2,1,1,0,0,0,0,0,"795668,661","5829732,691",13.36033767,52.53724679
215236,11,10,10200418.0,2021,9,18,3,2,5,2,0,0,1,0,1,0,0,0,"811141,445","5830926,595",13.58886296,52.53933319
215235,11,2,2500830.0,2021,9,12,4,3,1,5,0,1,1,0,0,0,0,0,"802652,5246","5827370,627",13.46084627,52.51224246
215234,11,5,5400942.0,2021,9,19,3,3,0,1,1,1,0,0,0,0,0,0,"783975,2896","5823289,07",13.18290274,52.48569168
215233,11,1,1300835.0,2021,8,12,5,2,5,3,0,0,1,0,1,0,0,0,"797531,6258","5829418,038",13.38744255,52.53341242
215232,11,3,3601245.0,2021,8,14,3,3,3,6,0,0,1,0,0,1,0,0,"800317,9363","5831581,561",13.43035283,52.55127659
215231,11,8,8401139.0,2021,9,18,6,3,5,3,0,1,1,0,0,0,0,0,"803027,9492","5819382,278",13.45910324,52.44043489
215230,11,12,12200414.0,2021,9,19,4,3,5,2,2,0,1,0,0,0,0,0,"791935,0096","5831497,212",13.30699723,52.55507817
215229,11,6,6100204.0,2021,9,7,3,3,1,5,0,1,1,0,0,0,0,0,"795433,6171","5820410,809",13.34861498,52.45381062
215228,11,1,1100103.0,2021,9,0,1,3,2,6,2,1,1,0,0,0,0,1,"795783,361","5825692,474",13.35843153,52.50096756
215227,11,8,8100419.0,2021,9,16,4,3,2,2,0,0,1,0,1,0,0,0,"802408,2056","5824035,878",13.45422953,52.48248861
215226,11,2,2200208.0,2021,9,13,1,3,5,2,0,1,1,0,0,0,0,0,"797938,672","5825259,618",13.38970239,52.49591504
215225,11,6,6300527.0,2021,8,11,7,3,5,3,0,1,1,0,0,0,0,0,"790859,0538","5818559,233",13.27987357,52.43966441
215224,11,12,12400720.0,2021,9,13,5,3,2,6,0,0,1,0,0,0,0,0,"789534,0192","5839712,947",13.27886433,52.63001409
215223,11,3,3701658.0,2021,8,13,6,3,5,2,0,1,1,0,0,0,0,0,"800223,2243","5829890,634",13.42743193,52.53617257
215222,11,6,6400843.0,2021,9,11,2,2,5,2,0,1,1,0,0,0,0,0,"791865,8446","5819886,211",13.2958022,52.45102438
215221,11,8,8100419.0,2021,9,21,1,3,5,3,2,0,1,0,0,0,0,0,"802288,5521","5823895,133",13.45234529,52.48129335
215220,11,2,2200209.0,2021,8,18,3,3,3,6,0,0,1,0,1,0,0,0,"797644,4409","5824022,699",13.38427626,52.484988
215219,11,10,10100312.0,2021,9,17,5,3,0,1,0,1,0,0,0,0,0,0,"808290,6751","5829242,103",13.54540069,52.52585725
215218,11,7,7200411.0,2021,9,16,6,3,5,2,0,1,1,0,0,0,0,0,"795987,906","5824524,272",13.36039807,52.49038472
215217,11,6,6300631.0,2021,10,11,6,2,2,6,0,0,1,0,0,0,0,0,"792409,9457","5816538,525",13.30085769,52.42072182
215216,11,1,1100308.0,2021,9,10,3,3,6,4,0,0,1,1,0,0,0,0,"796758,6936","5829659,101",13.37629621,52.53599467
215215,11,1,1100309.0,2021,9,11,4,3,5,3,0,1,1,0,0,0,0,0,"797943,2785","5828779,813",13.39292146,52.5274667
215214,11,11,11400928.0,2021,9,7,3,3,2,6,0,0,1,0,0,0,0,0,"804471,3881","5826361,116",13.48664247,52.50218244
215213,11,8,8200623.0,2021,8,10,5,3,3,6,0,0,0,0,1,0,1,0,"802236,0988","5820665,536",13.44865011,52.45237514
215212,11,1,1100207.0,2021,8,19,3,3,5,3,1,1,1,0,0,0,0,0,"798483,274","5826666,508",13.39896173,52.5082284
215211,11,10,10100311.0,2021,9,18,6,3,5,2,0,1,1,0,0,0,0,0,"806569,3767","5829131,269",13.52000596,52.52583451
215210,11,8,8100417.0,2021,9,12,3,3,5,7,0,0,1,0,1,0,0,0,"802579,9269","5823082,983",13.45588592,52.47385267
215209,11,11,11300618.0,2021,9,16,3,3,6,2,0,0,1,1,0,0,0,0,"802434,0196","5828906,212",13.45903231,52.526127
215208,11,1,1200623.0,2021,9,21,7,3,6,7,2,0,1,1,0,0,0,0,"795524,2898","5829510,73",13.35801789,52.53533541
215207,11,5,5300736.0,2021,9,14,4,3,5,2,0,0,1,0,0,0,0,0,"786753,3995","5829276,351",13.22886241,52.53791985
215206,11,1,2400623.0,2021,9,23,5,2,5,3,2,1,1,0,0,0,0,0,"800274,8756","5827632,203",13.42615181,52.51590111
215205,11,8,8100521.0,2021,9,11,1,3,3,6,0,0,1,0,1,0,0,0,"803790,5373","5822146,925",13.47280256,52.464791
215204,11,10,10200629.0,2021,8,13,7,3,5,2,0,1,1,0,0,0,0,0,"810911,9057","5829241,003",13.58391293,52.52435901
215203,11,3,3400722.0,2021,9,17,5,3,0,3,0,1,1,0,0,0,0,0,"798626,3551","5834002,885",13.40765788,52.57391013
215202,11,3,3601347.0,2021,9,23,5,3,1,7,2,1,1,0,0,0,0,0,"799547,5541","5830763,452",13.41828686,52.54436777
215201,11,9,9100304.0,2021,9,10,4,3,5,3,0,1,1,0,0,0,0,0,"804562,6487","5822021,658",13.48401852,52.46323846
215200,11,1,1100309.0,2021,9,17,4,3,5,2,0,1,1,0,0,0,0,1,"797944,5066","5828783,909",13.39294318,52.52750274
215199,11,2,2400623.0,2021,8,0,6,2,0,1,2,0,0,0,0,0,1,1,"800498,2246","5827828,209",13.42961039,52.51753496
215198,11,2,2300419.0,2021,8,16,4,3,5,3,0,0,1,0,0,0,1,0,"801590,7696","5825952,317",13.4439633,52.50011805
215197,11,2,2500833.0,2021,9,15,7,3,5,7,0,0,1,0,1,0,0,0,"802350,3629","5827092,125",13.45615431,52.50991382
215196,11,6,6200314.0,2021,9,9,5,3,3,2,0,1,1,0,0,0,0,0,"794563,5597","5817695,544",13.33345463,52.42993908
215195,11,6,6200421.0,2021,9,13,3,3,2,6,0,0,1,0,0,0,0,0,"793670,9177","5817642,995",13.32031703,52.4299479
215194,11,9,9200819.0,2021,9,14,1,2,0,6,0,0,1,0,1,0,0,0,"809824,9538","5820019,529",13.55937293,52.44233774
215193,11,11,11100204.0,2021,9,21,4,2,0,4,2,0,0,1,0,0,1,0,"806479,6842","5833637,508",13.52284599,52.56627042
215192,11,9,9100202.0,2021,9,14,2,2,5,2,0,0,0,0,1,0,0,0,"803080,8949","5824008,248",13.46407995,52.48186802
215191,11,1,1100102.0,2021,9,8,2,2,5,3,0,1,0,0,0,1,0,0,"794947,9644","5827265,85",13.34755446,52.51552395
215190,11,3,3601141.0,2021,8,7,2,3,0,7,0,0,0,1,0,0,1,1,"798973,4371","5831536,181",13.41054166,52.55160944
215189,11,12,12500824.0,2021,9,7,6,3,1,5,0,0,1,0,0,0,0,0,"791099,3522","5836304,983",13.29892784,52.59862609
215188,11,1,1100313.0,2021,9,7,6,3,5,3,0,0,1,0,1,0,0,0,"800085,4503","5826454,525",13.42230685,52.50544939
215187,11,4,4200203.0,2021,9,17,4,3,5,3,0,0,1,0,0,0,0,1,"787712,8124","5826433,164",13.24050922,52.51192355
215186,11,8,8100417.0,2021,9,19,5,2,5,2,2,0,1,0,1,0,0,0,"802580,7821","5823082,376",13.45589792,52.47384675
215185,11,5,5100101.0,2021,8,14,7,2,5,2,0,0,1,0,1,0,0,0,"782911,9942","5831541,948",13.17430652,52.56024172
215184,11,4,4200311.0,2021,8,15,4,3,4,6,0,1,0,0,0,0,1,0,"790275,9597","5826014,598",13.27780769,52.50681307
215183,11,4,4400728.0,2021,9,23,7,3,8,1,2,0,1,0,0,0,0,0,"790673,554","5823382,015",13.28135219,52.48300007
215182,11,2,2400623.0,2021,9,16,5,3,5,3,0,1,1,0,0,0,0,0,"800595,108","5827146,449",13.43041803,52.51137076
215181,11,6,6200317.0,2021,9,10,7,3,2,6,0,0,1,0,0,0,0,0,"796704,4385","5817645,546",13.36480683,52.42833401
215180,11,7,7100102.0,2021,9,17,4,2,0,7,0,1,0,0,0,0,0,0,"794984,5462","5825698,064",13.34670263,52.50145008
215179,11,9,9200819.0,2021,9,18,3,3,2,6,0,1,0,0,0,0,1,0,"810365,3919","5820352,879",13.5676082,52.44501868
215178,11,11,11501238.0,2021,9,15,3,3,5,3,0,1,0,0,1,0,0,0,"803804,8029","5826182,181",13.47668915,52.50095021
215177,11,2,2100102.0,2021,9,22,2,3,1,5,2,0,1,0,0,0,1,0,"797896,4011","5826211,225",13.38993278,52.50446812
215176,11,11,11200513.0,2021,8,7,3,3,3,6,1,0,1,0,1,0,0,0,"803691,4804","5830288,456",13.47877345,52.53781664
215175,11,1,1100101.0,2021,9,15,6,3,6,4,0,0,1,1,0,0,0,1,"794714,5156","5826060,13",13.34305652,52.50484167
215174,11,11,11300724.0,2021,9,16,4,3,4,6,0,1,0,0,0,0,0,0,"804603,699","5827475,729",13.48960553,52.5120984
215173,11,3,3601348.0,2021,8,14,2,3,2,6,0,0,1,0,0,0,0,1,"799706,7812","5830520,868",13.42040899,52.54210583
215172,11,10,10200417.0,2021,8,11,6,3,5,2,0,1,1,0,0,0,0,0,"811301,7778","5831643,282",13.59189092,52.54566404
215171,11,8,8100313.0,2021,9,12,2,3,1,5,0,1,1,0,0,0,0,0,"801740,0556","5824514,004",13.44485321,52.48714374
215170,11,2,2100104.0,2021,9,21,7,3,0,3,2,1,1,0,0,0,0,0,"798909,288","5826303,24",13.40489389,52.50473896
215169,11,5,5200632.0,2021,8,7,3,3,6,7,0,0,0,1,0,0,1,0,"786136,6617","5827825,726",13.21854525,52.52523809
215168,11,2,2300418.0,2021,9,16,5,2,5,2,0,1,0,0,0,0,0,0,"801086,0597","5824978,972",13.43567086,52.49167242
215167,11,11,11300721.0,2021,9,14,1,3,1,5,0,1,0,0,0,0,1,0,"804548,5106","5829086,629",13.49026954,52.526567
215166,11,5,5200420.0,2021,8,6,5,3,5,3,1,0,1,0,0,0,1,0,"783480,5041","5828650,154",13.18020203,52.53401772
215165,11,6,6100209.0,2021,9,16,4,3,5,2,0,1,1,0,0,0,0,0,"794708,16","5821562,259",13.33898646,52.46452439
215164,11,10,10200627.0,2021,9,15,6,3,5,2,0,1,1,0,0,0,0,0,"811308,4191","5829845,209",13.59030417,52.52954725
215163,11,10,10200627.0,2021,9,15,4,3,6,4,0,0,0,1,0,1,0,1,"811372,1091","5830051,609",13.59143332,52.53136047
215162,11,3,3100102.0,2021,9,11,4,1,0,7,0,1,0,0,0,0,0,1,"804591,6408","5841473,57",13.50228673,52.63755925
215161,11,7,7501029.0,2021,8,17,5,3,5,3,0,1,0,0,0,1,0,1,"797455,7999","5820330,204",13.37821452,52.45199142
215160,11,3,3400724.0,2021,8,19,3,2,3,6,0,1,0,0,0,0,1,0,"800022,2182","5834693,528",13.42881873,52.57933285
215159,11,1,1100104.0,2021,9,16,6,3,6,7,0,1,0,1,0,0,0,0,"796236,6251","5825547,796",13.36496074,52.49942478
215158,11,8,8100209.0,2021,9,21,5,3,1,5,2,1,1,0,0,0,0,1,"801813,9054","5821962,258",13.44362836,52.46423119
215157,11,4,4300619.0,2021,9,16,3,2,6,4,0,0,1,1,0,0,0,0,"792521,4518","5827374,907",13.31199389,52.5178085
215156,11,2,2300315.0,2021,9,18,7,3,3,2,0,0,1,0,1,0,0,1,"800686,1182","5825801,147",13.43054008,52.49926228
215155,11,12,12200307.0,2021,8,15,3,2,6,4,0,1,0,1,0,0,0,0,"793512,4176","5834012,51",13.3324225,52.57677846
215154,11,8,8100209.0,2021,9,16,2,3,5,2,0,0,1,0,0,0,1,0,"801345,6528","5822037,203",13.43682438,52.46516139
215153,11,8,8401244.0,2021,9,18,1,3,5,3,0,0,1,0,0,0,0,0,"805917,4915","5816208,899",13.49857952,52.41038462
215152,11,1,1100102.0,2021,8,15,1,3,5,7,0,0,1,0,1,0,0,1,"795421,0914","5827463,946",13.35468241,52.51704365
215151,11,10,10200418.0,2021,9,6,6,3,2,2,0,0,1,0,1,0,0,0,"811133,4644","5830925,106",13.58874428,52.53932441