ObjectID,State,District,LOR_ab_2021,AccidentYear,AccidentMonth,AccidentHour,DayOfWeek,AccidentCategory,AccidentType,AccidentTypeDetail,LightingCondition,InvolvingBike,InvolvingCar,InvolvingPedestrian,InvolvingMotorcycle,InvolvingHGV,InvolvingOther,RoadCondition,GraphicCoord1,GraphicCoord2,LongitudeWGS84,LatitudeWGS84
212177,11,1,1100308.0,2021,6,13,5,3,2,6,0,1,1,0,0,0,0,0,"797074,9223","5829291,921",13.38061663,52.53253105
212176,11,3,3100102.0,2021,5,7,2,3,6,4,0,0,1,1,0,0,0,0,"804422,9392","5841223,109",13.49957068,52.63540916
212175,11,4,4501041.0,2021,6,13,5,3,1,5,0,1,1,0,0,0,0,0,"793485,0353","5825785,414",13.32475235,52.5030417
212174,11,3,3500934.0,2021,6,15,5,3,5,2,0,1,1,0,0,0,0,0,"800455,5782","5832115,406",13.43285988,52.55598564
212173,11,11,11300722.0,2021,6,17,3,3,5,2,0,1,1,0,0,0,0,0,"804255,106","5827662,994",13.48465588,52.51397133
212172,11,2,2200209.0,2021,6,9,6,3,1,5,0,1,1,0,0,0,0,0,"797509,0371","5824800,69",13.38298264,52.49203562
212171,11,2,2300418.0,2021,6,21,1,2,5,3,1,1,1,0,0,0,0,0,"801289,0047","5825362,234",13.43899753,52.4949957
212170,11,8,8200730.0,2021,5,8,5,3,6,4,0,1,0,1,0,0,0,0,"801374,0871","5819239,04",13.43471661,52.44006491
212169,11,5,5200629.0,2021,6,17,4,3,6,4,0,0,0,1,0,0,1,0,"784067,9001","5827988,34",13.18827307,52.52777798
212168,11,1,1200519.0,2021,5,21,2,3,2,6,2,0,1,0,1,0,0,1,"793834,3524","5828478,183",13.3322618,52.52699296
212167,11,2,2500835.0,2021,6,14,2,2,5,3,0,1,1,0,0,0,0,0,"802559,9321","5825954,416",13.458199,52.4996004
212166,11,3,3100102.0,2021,7,15,2,3,4,6,0,1,0,0,0,0,0,0,"804786,8352","5841412,052",13.50510552,52.6368984
212165,11,1,1100310.0,2021,7,22,6,3,2,6,2,0,1,0,0,0,0,1,"799098,0757","5828993,079",13.41008511,52.52874599
212164,11,1,1400942.0,2021,6,8,6,3,5,2,0,1,1,0,0,0,0,0,"794479,8966","5830670,941",13.34369305,52.54630119
212163,11,8,8301037.0,2021,6,16,5,2,5,2,0,0,1,0,0,0,0,0,"804138,9095","5817812,978",13.47396971,52.42575277
212162,11,4,4200308.0,2021,6,11,2,3,2,6,0,0,1,0,0,0,1,0,"789623,6485","5828391,436",13.27029282,52.52846858
212161,11,4,4400727.0,2021,6,11,3,2,5,3,0,1,1,0,0,0,0,0,"791920,2145","5823992,547",13.300193,52.48780835
212160,11,3,3500934.0,2021,6,11,6,3,1,5,0,0,1,0,0,0,0,0,"800985,3488","5831903,288",13.44045819,52.55379189
212159,11,4,4300620.0,2021,6,8,6,3,5,3,0,1,1,0,0,0,0,0,"794161,8879","5826989,7",13.3357596,52.51347297
212158,11,6,6400737.0,2021,7,13,6,3,5,2,0,1,1,0,0,0,0,0,"784750,2482","5817547,217",13.18938656,52.43380555
212157,11,3,3300514.0,2021,6,9,3,3,5,2,0,1,0,0,0,0,1,0,"800861,144","5836034,929",13.4423801,52.5908927
212156,11,4,4200308.0,2021,6,13,6,3,0,4,0,0,0,1,1,0,0,0,"790339,0182","5827494,895",13.28002575,52.52005051
212155,11,1,1100309.0,2021,6,8,2,3,3,6,0,1,1,0,0,0,0,0,"798452,321","5829048,84",13.40064432,52.52959972
212154,11,7,7601544.0,2021,6,12,4,3,5,2,0,1,1,0,0,0,0,0,"799800,4492","5813978,656",13.40692283,52.3937774
212153,11,2,2200210.0,2021,5,17,2,3,6,7,0,1,0,1,0,0,0,0,"798721,785","5825251,02",13.4011958,52.49540992
212152,11,1,1100310.0,2021,6,6,4,3,5,2,0,0,1,0,0,0,1,1,"799247,2792","5828469,068",13.4118064,52.52396714
212151,11,12,12200414.0,2021,7,11,3,2,2,6,0,0,1,0,1,0,0,0,"792082,6257","5831788,115",13.30942434,52.55760687
212150,11,9,9502043.0,2021,7,11,4,3,6,4,0,0,1,1,0,0,0,1,"810527,1256","5823238,257",13.57266373,52.47078455
212149,11,3,3300413.0,2021,6,15,4,3,0,2,0,1,1,0,0,0,0,0,"803458,6397","5838508,982",13.4828742,52.6116236
212148,11,8,8100314.0,2021,5,14,7,3,2,6,0,1,1,0,0,0,0,0,"801202,814","5823797,988",13.43631809,52.48102256
212147,11,12,12100204.0,2021,6,14,5,3,5,3,0,0,1,0,0,0,0,0,"794958,3395","5832721,513",13.35255022,52.56442404
212146,11,12,12200515.0,2021,6,7,4,2,4,5,0,0,1,0,0,0,0,0,"789636,5329","5834641,368",13.27593598,52.58449295
212145,11,7,7400822.0,2021,7,15,7,3,2,6,0,0,1,0,0,0,0,0,"796818,035","5822183,123",13.3705046,52.46894782
212144,11,2,2300418.0,2021,6,4,3,2,3,6,1,1,1,0,0,0,1,0,"801110,3309","5825028,518",13.43607204,52.49210312
212143,11,4,4500936.0,2021,6,17,7,3,2,6,0,1,1,0,0,0,0,0,"792277,5968","5825355,926",13.30663747,52.49983956
212142,11,7,7400824.0,2021,6,8,4,3,5,3,0,0,1,0,0,0,0,0,"797657,2484","5822020,257",13.38267712,52.46703131
212141,11,9,9401534.0,2021,6,17,3,3,5,3,0,1,1,0,0,0,0,0,"811257,9942","5820190,925",13.58054814,52.44305998
212140,11,7,7100206.0,2021,6,9,2,3,6,4,0,0,0,1,0,0,1,0,"796687,2058","5824705,313",13.3708286,52.49162796
212139,11,2,2500832.0,2021,6,18,1,3,0,1,0,1,0,0,0,0,0,0,"803195,4728","5826829,97",13.46832998,52.50709513
212138,11,6,6300631.0,2021,7,12,1,3,1,5,0,0,1,0,0,0,0,0,"791926,4078","5816384,031",13.29363256,52.41959494
212137,11,12,12200412.0,2021,6,14,7,3,1,5,0,1,1,0,0,0,0,0,"789813,399","5833577,622",13.27760909,52.57486228
212136,11,1,1100102.0,2021,5,8,4,3,5,3,0,1,1,0,0,0,0,0,"796936,083","5826779,594",13.37633301,52.51008642
212135,11,11,11300721.0,2021,7,15,5,2,4,1,0,0,0,0,1,0,1,1,"804621,0263","5829088,811",13.49133714,52.52654604
212134,11,4,4501042.0,2021,7,20,4,3,2,6,0,0,1,0,0,0,0,0,"793692,8746","5825808,119",13.32782557,52.50313341
212133,11,10,10300733.0,2021,7,11,5,3,0,1,0,0,1,0,1,0,0,0,"809491,8521","5827233,032",13.56118109,52.50717214
212132,11,2,2400624.0,2021,6,15,5,3,5,2,0,0,0,0,1,0,1,0,"801728,505","5827427,108",13.44732285,52.5132606
212131,11,12,12100205.0,2021,5,16,1,3,1,5,0,0,1,0,1,0,0,0,"795452,3337","5834179,742",13.36111598,52.57722781
212130,11,3,3400828.0,2021,6,7,6,3,5,2,0,1,1,0,0,0,0,0,"800081,5578","5832606,311",13.42780342,52.56059195
212129,11,12,12200515.0,2021,6,12,5,3,6,4,0,0,1,1,0,0,0,0,"789948,8212","5834903,576",13.28076178,52.58667728
212128,11,9,9200717.0,2021,6,7,3,3,5,3,0,1,1,0,0,0,0,0,"809207,9977","5819503,056",13.54984713,52.43805834
212127,11,3,3400828.0,2021,6,8,2,3,1,7,0,1,1,0,0,0,0,0,"799878,1623","5832102,975",13.42435721,52.55619247
212126,11,1,1200628.0,2021,5,21,5,2,5,3,2,1,1,0,0,0,0,0,"795699,3488","5828171,642",13.3594003,52.52323673
212125,11,5,5300737.0,2021,6,15,4,3,3,6,0,0,1,0,0,0,1,0,"786983,5194","5829578,561",13.23250705,52.5405082
212124,11,2,2500835.0,2021,5,19,1,3,5,2,0,0,1,0,0,0,0,1,"802444,9573","5826260,547",13.45678844,52.50240798
212123,11,4,4501152.0,2021,6,10,2,3,3,6,0,1,1,0,0,0,0,0,"793965,0381","5824905,873",13.33102734,52.49489867
212122,11,3,3601450.0,2021,7,11,2,3,5,2,0,1,1,0,0,0,0,1,"802343,232","5829202,163",13.45796726,52.52882994
212121,11,2,2100101.0,2021,6,16,5,3,2,7,0,1,1,0,0,0,0,0,"797633,0539","5825658,455",13.38557027,52.4996569
212120,11,2,2100102.0,2021,7,18,6,3,5,2,0,0,1,0,1,0,0,0,"798332,006","5825556,781",13.39574524,52.49836387
212119,11,2,2200213.0,2021,7,23,5,3,1,5,2,1,1,0,0,0,0,0,"800095,177","5824976,074",13.42111762,52.49219208
212118,11,3,3500936.0,2021,6,9,6,3,6,4,0,1,0,1,0,0,0,0,"801975,393","5831201,442",13.45437822,52.54695329
212117,11,5,5100316.0,2021,6,21,5,3,6,7,1,1,0,1,0,0,0,0,"783942,8005","5828983,868",13.18728441,52.53676919
212116,11,9,9200715.0,2021,6,16,2,3,5,2,0,0,1,0,1,0,0,0,"808250,9345","5818800,634",13.53516474,52.43230337
212115,11,11,11400930.0,2021,5,18,2,3,2,6,0,0,0,0,1,0,1,0,"806126,2519","5826691,059",13.51124971,52.50421365
212114,11,4,4300412.0,2021,6,19,6,3,1,5,0,0,1,0,1,0,1,0,"791472,5039","5827488,506",13.29667845,52.51938855
212113,11,2,2100102.0,2021,6,17,6,3,5,3,0,1,1,0,0,0,0,0,"797972,7498","5826184,728",13.39103059,52.50418892
212112,11,6,6300527.0,2021,6,14,3,3,5,2,0,0,1,0,1,0,0,0,"790009,699","5817502,068",13.26649622,52.43063763
212111,11,4,4200310.0,2021,6,14,6,3,5,2,0,0,1,0,1,0,0,0,"790072,5766","5826668,065",13.27538901,52.51277967
212110,11,1,1100308.0,2021,5,15,6,3,5,3,0,1,1,0,0,0,0,1,"796966,7708","5828844,659",13.37862737,52.52858078
212109,11,2,2200211.0,2021,6,12,4,3,0,7,0,0,1,1,0,0,0,0,"798176,5355","5824306,467",13.39234283,52.48724131
212108,11,7,7100205.0,2021,7,17,1,3,5,7,0,0,1,0,0,0,1,0,"796112,6078","5825327,35",13.36294315,52.49751598
212107,11,12,12200412.0,2021,5,12,3,2,0,7,0,0,1,0,1,0,0,1,"788625,418","5833054,399",13.25967202,52.57080281
212106,11,1,1100313.0,2021,6,13,3,3,6,4,0,1,0,1,0,0,0,1,"799764,5658","5827143,15",13.41821345,52.51179823
212105,11,3,3701556.0,2021,7,16,3,3,3,6,0,1,0,0,0,0,0,0,"799729,6778","5829370,922",13.41970842,52.53178584
212104,11,11,11100204.0,2021,7,13,7,3,5,3,0,1,1,0,0,0,0,0,"806401,1214","5833726,196",13.52177245,52.56710947
212103,11,9,9200715.0,2021,6,16,2,3,5,2,0,1,1,0,0,0,0,0,"809345,0207","5818502,402",13.55093066,52.42901307
212102,11,5,5100211.0,2021,6,7,6,3,6,4,0,0,0,1,0,0,1,0,"781096,4916","5829817,175",13.14613524,52.54571676
212101,11,2,2100104.0,2021,6,21,3,3,0,2,1,1,1,0,0,0,0,0,"799488,5414","5826137,255",13.41325331,52.50293352
212100,11,4,4500936.0,2021,6,8,3,2,0,1,0,1,0,0,0,0,0,0,"792073,5293","5825583,333",13.30383926,52.50198748
212099,11,2,2300314.0,2021,6,0,7,3,4,6,2,0,1,0,0,0,0,0,"799810,5414","5826016,589",13.41787433,52.50167511
212098,11,3,3601142.0,2021,6,15,7,3,5,3,0,1,1,0,0,0,0,0,"798877,8411","5830403,251",13.40811643,52.54150689
212097,11,4,4100101.0,2021,7,16,6,3,5,2,0,0,1,0,0,0,1,0,"793340,975","5829718,481",13.32610463,52.53837732
212096,11,2,2100102.0,2021,6,15,4,2,5,2,0,0,1,0,1,0,0,0,"798368,4456","5826335,534",13.3969782,52.50532446
212095,11,4,4501148.0,2021,6,13,6,3,5,7,0,0,0,0,1,0,1,0,"793330,0464","5823364,97",13.32034457,52.48142668
212094,11,9,9100407.0,2021,6,8,2,3,5,3,0,0,1,0,0,0,0,0,"805827,5401","5820152,305",13.50086702,52.44577795
212093,11,7,7200411.0,2021,5,16,4,3,0,6,0,0,1,0,0,0,1,0,"796030,5211","5824079,676",13.36062896,52.48637618
212092,11,3,3601346.0,2021,6,9,4,3,5,2,0,1,0,0,0,0,1,1,"799493,2359","5830939,218",13.41764675,52.54597309
212091,11,1,1400938.0,2021,7,15,2,2,5,3,0,0,1,0,0,0,1,0,"793963,026","5830161,076",13.33564154,52.54200972
212090,11,4,4300620.0,2021,7,20,4,3,2,2,0,0,1,0,1,0,0,0,"794160,1658","5827008,841",13.33575122,52.51364549
212089,11,3,3701555.0,2021,6,14,4,3,4,6,0,1,0,0,1,0,0,0,"799554,1469","5830242,763",13.4179143,52.539697
212088,11,2,2500833.0,2021,6,20,3,2,0,1,0,1,0,0,0,0,0,0,"802676,0679","5826986,529",13.46084285,52.50878676
212087,11,12,12200309.0,2021,6,17,6,3,6,4,0,1,0,1,0,0,0,0,"793307,2386","5832560,187",13.32811893,52.56386986
212086,11,2,2400521.0,2021,6,18,2,3,2,6,0,0,1,0,0,0,0,0,"801222,792","5828649,166",13.44099977,52.52449361
212085,11,12,12200310.0,2021,5,21,5,3,5,3,1,0,1,0,0,0,0,1,"792285,3482","5833928,367",13.31429197,52.57668461
212084,11,12,12200309.0,2021,6,17,4,3,5,2,0,1,1,0,0,0,0,0,"792669,6875","5832785,781",13.31893916,52.5662353
212083,11,7,7300619.0,2021,7,14,1,3,2,6,0,0,1,0,0,0,0,0,"795391,2005","5821024,627",13.34853564,52.45933604
212082,11,11,11200411.0,2021,5,18,1,2,5,2,0,1,0,0,0,0,1,0,"805631,0066","5831605,383",13.5084928,52.5485351
212081,11,6,6400843.0,2021,6,15,3,3,1,5,0,1,1,0,0,0,0,0,"791236,4632","5819721,488",13.28642325,52.44988329
212080,11,7,7601442.0,2021,7,16,3,3,2,6,0,0,1,0,0,0,0,0,"799257,089","5816263,337",13.4010027,52.41455397
212079,11,10,10400940.0,2021,7,14,6,3,0,2,0,0,1,0,1,0,0,0,"812767,2047","5825660,879",13.60780704,52.49121622
212078,11,5,5200528.0,2021,6,11,2,3,5,3,0,1,1,0,0,0,0,0,"783232,5034","5826382,931",13.17462455,52.51381813
212077,11,2,2200210.0,2021,6,21,6,3,0,3,0,1,1,0,0,0,0,0,"798850,3772","5825111,956",13.40295958,52.49409301
212076,11,3,3500936.0,2021,6,19,5,3,5,3,0,1,1,0,0,0,0,0,"802075,8788","5831353,968",13.45599432,52.54826466
212075,11,1,1300730.0,2021,6,19,3,3,5,7,0,0,1,0,1,0,0,0,"796636,6728","5832356,231",13.37691163,52.56023787
212074,11,1,1100308.0,2021,6,12,3,2,3,6,0,1,1,0,0,0,0,0,"797140,8937","5829214,932",13.38151752,52.53180496
212073,11,11,11401137.0,2021,6,15,1,3,1,5,0,0,1,0,0,0,0,0,"806775,7591","5825678,113",13.51985589,52.49477064
212072,11,1,1100309.0,2021,6,20,7,3,0,6,1,1,1,0,0,0,0,0,"798406,1491","5828440,453",13.39941972,52.52417164
212071,11,1,1401048.0,2021,7,18,7,3,6,7,0,1,0,1,0,0,0,0,"795154,0656","5831277,707",13.35414543,52.55137551
212070,11,7,7100101.0,2021,6,9,4,3,1,5,0,0,1,0,0,0,1,0,"794595,4294","5825230,78",13.3405734,52.49747138
212069,11,11,11200512.0,2021,6,14,6,3,5,2,0,1,0,0,0,0,1,0,"802919,7774","5831214,381",13.46827447,52.54654499
212068,11,2,2100102.0,2021,6,8,4,3,5,2,0,1,1,0,0,0,0,0,"798453,3364","5826533,154",13.39840237,52.50704944
212067,11,4,4501042.0,2021,5,14,3,3,5,7,0,1,1,0,0,0,0,1,"794389,9534","5825708,635",13.33797774,52.50186595
212066,11,10,10400938.0,2021,6,10,4,3,2,2,0,0,0,0,0,1,1,1,"813001,6963","5828495,254",13.61391376,52.51648078
212065,11,10,10300731.0,2021,7,9,2,3,5,3,0,0,1,0,0,0,0,0,"808747,4168","5828184,341",13.55112999,52.51611937
212064,11,6,6300524.0,2021,7,18,4,3,5,3,0,1,0,0,0,0,0,0,"787438,9286","5816274,021",13.22773311,52.42098404
212063,11,1,1100102.0,2021,6,14,4,3,5,3,0,1,1,0,0,0,0,0,"795293,4545","5827357,456",13.35271235,52.51615818
212062,11,3,3100103.0,2021,5,11,7,3,5,3,0,1,1,0,0,0,0,0,"804362,4649","5840421,901",13.49794192,52.62826241
212061,11,4,4501045.0,2021,6,9,5,2,6,4,0,0,1,1,0,0,0,0,"793507,5016","5825218,68",13.32458289,52.4979491
212060,11,12,12200412.0,2021,6,15,4,3,5,2,0,0,1,0,0,0,1,0,"791832,6711","5833974,466",13.30767134,52.57734081
212059,11,2,2500726.0,2021,6,17,3,3,2,2,0,1,1,0,0,0,0,0,"801863,1718","5828440,948",13.45022115,52.52227319
212058,11,11,11401034.0,2021,6,14,7,3,5,3,0,1,1,0,0,0,0,0,"807405,0153","5827437,274",13.53071946,52.51018237
212057,11,4,4200311.0,2021,6,15,3,3,0,1,0,0,0,0,1,0,0,0,"790424,6445","5825950,566",13.27993636,52.50615989
212056,11,10,10200420.0,2021,6,12,4,3,5,3,0,1,1,0,0,0,0,0,"811854,8455","5831272,169",13.59967207,52.54202217
212055,11,11,11200514.0,2021,6,8,2,3,0,1,0,1,0,0,0,0,0,0,"803358,6276","5830082,687",13.47369305,52.53615777
212054,11,4,4300518.0,2021,6,2,1,3,5,3,2,0,1,0,0,0,0,0,"792076,7605","5828222,656",13.30620338,52.52564671
212053,11,10,10100102.0,2021,7,12,7,3,5,2,0,1,1,0,0,0,0,0,"809483,3951","5834643,1",13.56795885,52.57358294
212052,11,3,3500936.0,2021,6,17,1,3,2,7,0,0,1,0,1,0,0,0,"802643,9899","5831597,211",13.46456872,52.5501295
212051,11,8,8100206.0,2021,6,11,1,3,6,4,0,0,1,1,0,0,0,0,"800944,0553","5823674,038",13.43240743,52.48005422
212050,11,8,8100103.0,2021,5,21,4,3,2,6,2,0,1,0,0,0,0,0,"800634,4012","5823082,501",13.42732827,52.47492261
212049,11,4,4501045.0,2021,7,14,5,3,0,7,0,1,0,0,0,0,0,1,"794429,8845","5825438,3",13.33832531,52.49942101
212048,11,9,9501939.0,2021,7,7,3,2,5,2,0,1,1,0,0,0,0,0,"810939,1221","5821589,149",13.57717329,52.45577167
212047,11,10,10400939.0,2021,7,15,5,3,5,3,0,0,1,0,0,0,0,0,"813016,8031","5827639,415",13.61333074,52.50880293
212046,11,1,1200517.0,2021,6,9,5,2,0,1,0,1,0,0,0,0,0,0,"794579,194","5829726,416",13.34431562,52.53778054
212045,11,8,8100207.0,2021,5,16,2,3,2,6,0,0,1,0,1,0,0,0,"801022,3832","5823501,27",13.43340135,52.47846248
212044,11,12,12500928.0,2021,6,7,6,3,2,6,0,0,1,0,1,0,0,0,"792512,401","5837613,429",13.32088756,52.60959733
212043,11,8,8100102.0,2021,6,13,5,3,1,5,0,1,1,0,0,0,0,1,"800463,8161","5823635,277",13.42532231,52.47997122
212042,11,12,12200515.0,2021,6,12,3,3,5,3,0,0,1,0,0,0,0,0,"790275,5435","5835517,881",13.28610906,52.59201023
212041,11,1,1200628.0,2021,6,19,2,3,5,2,0,1,1,0,0,0,0,0,"795519,788","5828199,137",13.35678584,52.52358055
212040,11,10,11300721.0,2021,5,12,5,3,2,6,0,0,1,0,0,0,1,0,"806291,1748","5830171,687",13.5168766,52.53531531
212039,11,9,9300920.0,2021,6,11,4,2,5,2,0,1,1,0,0,0,0,0,"808091,9096","5816922,276",13.53110319,52.41555878
212038,11,4,4200308.0,2021,5,12,2,3,3,6,0,0,1,0,0,0,0,0,"789799,4729","5827393,444",13.27200772,52.51942799
212037,11,3,3601142.0,2021,6,17,3,3,0,2,0,1,1,0,0,0,0,1,"799151,3472","5830837,45",13.41252836,52.54524873
212036,11,4,4501041.0,2021,7,9,2,3,0,5,0,0,1,0,0,0,1,1,"793289,4425","5825454,285",13.32158739,52.50017843
212035,11,8,8100520.0,2021,6,15,5,3,5,3,0,1,1,0,0,0,0,0,"803216,9492","5822727,135",13.46491255,52.47030999
212034,11,6,6200421.0,2021,7,17,6,3,3,6,0,0,1,0,0,0,1,0,"793724,2081","5817616,128",13.32107499,52.42967844
212033,11,1,1401045.0,2021,7,12,6,3,5,2,0,0,1,0,0,0,0,1,"796673,3935","5831929,769",13.37707053,52.55639513
212032,11,3,3601449.0,2021,6,21,5,3,1,5,2,0,1,0,0,0,1,0,"801285,3322","5830324,761",13.44343748,52.53947759
212031,11,3,3601348.0,2021,6,18,4,3,5,3,0,1,1,0,0,0,0,0,"799843,8632","5830812,16",13.42268721,52.54464137
212030,11,12,12200412.0,2021,6,14,2,3,5,2,0,0,1,0,0,0,1,0,"791383,9702","5833111,182",13.30030986,52.56984214
212029,11,1,1100308.0,2021,5,8,2,3,6,4,0,0,1,1,0,0,0,0,"797023,4445","5828492,647",13.3791459,52.52539451
212028,11,7,7300619.0,2021,6,16,6,3,6,2,1,0,1,1,0,0,0,0,"795081,4509","5821610,167",13.34450763,52.46475238
212027,11,6,6200314.0,2021,6,5,6,2,0,3,1,0,1,0,1,0,0,0,"794748,2112","5817787,482",13.33624372,52.43066382
212026,11,10,10200417.0,2021,6,14,3,3,5,2,0,1,1,0,0,0,0,0,"811304,707","5831661,52",13.59195107,52.5458258
212025,11,11,11200410.0,2021,6,16,6,3,5,7,0,0,1,0,0,0,1,0,"804626,5136","5832775,01",13.49479795,52.55958043
212024,11,1,1300733.0,2021,5,16,6,3,2,6,0,0,1,0,0,0,0,1,"797098,7698","5831702,189",13.38312283,52.55412326
212023,11,9,9200819.0,2021,6,14,4,3,2,6,0,0,1,0,0,0,0,0,"810040,3022","5819480,358",13.56203095,52.43738377
212022,11,2,2200210.0,2021,7,16,1,3,5,3,0,0,0,0,0,0,1,0,"798539,116","5825340,475",13.39859325,52.49631172
212021,11,9,9200715.0,2021,5,19,3,2,5,3,1,0,1,0,0,0,0,0,"809317,5845","5818507,462",13.55053309,52.42907393
212020,11,2,2500830.0,2021,6,9,3,3,0,1,0,1,0,0,0,0,0,0,"802315,5407","5827477,763",13.45599307,52.51338958
212019,11,1,1300733.0,2021,7,11,2,3,1,5,0,1,1,0,0,0,0,0,"797211,2069","5831323,766",13.38443759,52.55066982
212018,11,8,8100520.0,2021,7,5,3,3,0,7,0,0,0,0,1,0,0,1,"802817,7616","5822926,656",13.45923491,52.47231971
212017,11,2,2400521.0,2021,7,9,7,2,0,1,0,0,0,0,1,0,0,1,"800400,706","5827977,743",13.42831257,52.518929
212016,11,3,3500934.0,2021,6,15,3,3,0,2,0,1,1,0,0,0,0,0,"800902,2666","5832078,93",13.43939568,52.55541209
212015,11,11,11300721.0,2021,6,10,7,3,2,6,0,0,1,0,0,0,1,0,"804632,2678","5829929,499",13.49227266,52.53407443
212014,11,6,6200421.0,2021,6,15,2,3,2,6,0,0,1,0,0,0,0,0,"793320,8522","5816974,536",13.31459669,52.42414311
212013,11,7,7100102.0,2021,6,14,3,3,6,4,0,0,1,1,0,0,0,0,"794974,9205","5825093,931",13.34602617,52.49603964
212012,11,9,9200510.0,2021,6,18,1,3,5,2,0,1,1,0,0,0,0,0,"806601,3717","5822076,5",13.5139838,52.46258992
212011,11,4,4200308.0,2021,6,10,6,3,6,4,0,0,1,1,0,0,0,0,"790347,6394","5827464,296",13.28012574,52.51977159
212010,11,7,7601546.0,2021,7,18,7,3,0,6,0,1,0,0,0,0,1,0,"799334,1922","5812673,153",13.39892533,52.38233005
212009,11,7,7601341.0,2021,6,16,6,3,2,6,0,0,1,0,1,0,0,0,"796912,2246","5815695,617",13.36612369,52.41074176
212008,11,2,2500833.0,2021,5,13,4,3,1,5,0,1,1,0,0,0,0,0,"802891,9581","5826916,852",13.46395075,52.50804244
212007,11,6,6200421.0,2021,6,16,4,3,2,6,0,0,1,0,0,0,0,1,"793389,5118","5817713,709",13.31625195,52.43073282
212006,11,1,1100310.0,2021,7,6,3,3,2,2,0,0,1,0,0,0,1,0,"799503,278","5828823,32",13.41588748,52.5270019
212005,11,1,1300836.0,2021,7,18,4,3,2,7,0,0,1,0,1,0,0,0,"796567,5412","5829848,765",13.37365548,52.53779886
212004,11,9,9501941.0,2021,6,9,4,3,0,3,0,1,0,0,0,1,0,0,"810823,527","5821238,507",13.57515122,52.45269511
212003,11,10,10100311.0,2021,5,6,6,3,5,2,0,1,0,0,0,1,0,0,"806528,9061","5829127,299",13.51940763,52.52582169
212002,11,3,3200308.0,2021,6,15,5,3,1,5,0,0,1,0,1,0,0,0,"799915,0135","5837039,095",13.42936482,52.60041572
212001,11,4,4200310.0,2021,6,12,4,3,6,4,0,0,1,1,0,0,0,0,"789258,1875","5826850,324",13.2635803,52.51484618
212000,11,1,1100104.0,2021,6,19,4,3,2,6,0,0,1,0,0,0,0,0,"796649,802","5826169,804",13.37158366,52.50477602
211999,11,8,8100310.0,2021,6,20,1,3,4,6,1,1,0,0,0,0,1,0,"800986,7464","5824955,17",13.43419101,52.49151384
211998,11,2,2100106.0,2021,6,13,3,3,6,7,0,0,1,1,0,0,0,0,"799042,851","5825538,589",13.40616918,52.49781176
211997,11,8,8200725.0,2021,6,12,3,3,0,1,0,1,0,0,0,0,0,0,"800764,6807","5819721,912",13.42621289,52.44472859
211996,11,1,1100415.0,2021,6,19,2,3,6,7,0,0,0,1,0,0,1,0,"798017,5396","5829801,989",13.3949293,52.53658858
211995,11,4,4300518.0,2021,7,20,1,2,0,7,0,1,0,0,0,0,0,0,"792111,2224","5827685,373",13.30623799,52.52081164
211994,11,11,11501238.0,2021,6,19,7,3,2,6,0,0,1,0,0,0,0,0,"804201,4511","5825924,514",13.48227916,52.49841987
211993,11,6,6100208.0,2021,7,9,5,3,5,3,0,1,1,0,0,0,0,1,"793933,4312","5820785,568",13.32693155,52.45797898
211992,11,1,1100416.0,2021,7,18,5,3,1,5,0,1,1,0,0,0,0,1,"798598,9835","5829306,039",13.40303092,52.53182483
211991,11,7,7400822.0,2021,6,1,5,3,1,3,2,1,1,0,0,0,0,0,"796413,7573","5820706,596",13.3632593,52.45593149
211990,11,3,3400827.0,2021,5,16,1,2,5,3,0,1,1,0,0,0,0,0,"799446,8634","5832468,508",13.41834426,52.55970618
211989,11,6,6400841.0,2021,6,10,6,3,5,2,0,1,1,0,0,0,0,0,"789656,177","5818475,72",13.26215463,52.43955412
211988,11,10,10200630.0,2021,6,5,4,3,8,1,0,0,1,0,0,0,0,0,"811296,739","5829136,616",13.58946923,52.523204
211987,11,11,11401136.0,2021,6,17,3,2,5,3,0,0,1,0,0,0,1,0,"805390,1549","5826053,513",13.49985391,52.49891216
211986,11,2,2200208.0,2021,6,8,2,3,4,6,0,1,0,0,0,0,1,0,"797569,258","5824994,301",13.38403993,52.4937383
211985,11,11,11401137.0,2021,5,18,7,3,2,6,0,0,1,0,1,0,1,0,"807113,5638","5825786,229",13.52491572,52.49554963
211984,11,4,4501153.0,2021,6,14,5,3,2,6,0,0,1,0,0,0,0,0,"794167,2637","5823110,318",13.33241271,52.47869349
211983,11,11,11401137.0,2021,6,15,4,3,2,6,0,0,1,0,0,0,0,0,"807125,7175","5825760,379",13.52507035,52.49531113
211982,11,1,1100313.0,2021,6,19,3,3,1,5,0,1,0,0,1,0,0,0,"800040,8475","5826461,905",13.42165832,52.50554007
211981,11,3,3200204.0,2021,6,20,7,3,0,1,0,0,0,0,1,0,0,0,"799290,8632","5840514,093",13.42332108,52.63190684
211980,11,4,4300624.0,2021,6,14,3,2,4,6,0,0,0,0,0,0,1,0,"793012,3289","5826100,828",13.31808571,52.50612334