ObjectID,State,District,LOR_ab_2021,AccidentYear,AccidentMonth,AccidentHour,DayOfWeek,AccidentCategory,AccidentType,AccidentTypeDetail,LightingCondition,InvolvingBike,InvolvingCar,InvolvingPedestrian,InvolvingMotorcycle,InvolvingHGV,InvolvingOther,RoadCondition,GraphicCoord1,GraphicCoord2,LongitudeWGS84,LatitudeWGS84
210989,11,1,1100312.0,2021,5,17,4,2,5,3,0,1,1,0,0,0,0,0,"799488,4747","5827073,169",13.41409431,52.51132261
210988,11,5,5100104.0,2021,4,10,6,3,5,3,0,0,1,0,0,0,0,0,"785852,9197","5831729,408",13.21773358,52.56038647
210987,11,3,3400828.0,2021,4,15,5,3,5,7,0,1,1,0,0,0,0,0,"799724,1576","5832504,329",13.42245485,52.5598747
210986,11,8,8200833.0,2021,4,12,4,3,5,3,0,0,1,0,1,0,0,0,"801895,041","5816960,825",13.44030083,52.41935731
210985,11,11,11300617.0,2021,3,19,4,3,5,2,2,1,1,0,0,0,0,0,"803066,0807","5829528,161",13.46888746,52.53135042
210984,11,9,9200715.0,2021,4,18,4,2,2,6,1,0,1,0,0,0,0,0,"809196,5662","5818339,8",13.54860383,52.42763976
210983,11,5,5100316.0,2021,5,13,7,3,2,6,0,0,1,0,1,0,0,0,"784497,2975","5828871,575",13.1953416,52.53547317
210982,11,4,4400729.0,2021,5,17,7,3,5,3,0,0,1,0,0,0,0,1,"790565,743","5822036,703",13.27859684,52.47099654
210981,11,8,8200725.0,2021,4,8,3,3,2,2,0,0,1,0,0,0,0,0,"800644,886","5819367,902",13.42413712,52.44162131
210980,11,12,12100205.0,2021,5,17,3,3,5,3,0,1,1,0,0,0,0,0,"795564,3886","5834516,939",13.36306544,52.5801896
210979,11,11,11401033.0,2021,5,22,6,3,1,1,2,0,1,0,0,0,0,1,"807520,4272","5827763,153",13.53271579,52.51303786
210978,11,4,4400830.0,2021,5,17,5,2,2,7,0,0,1,1,0,0,0,0,"790983,4187","5822993,405",13.28556317,52.47935112
210977,11,2,2200212.0,2021,4,15,1,3,5,3,0,1,1,0,0,0,0,1,"799611,2348","5824523,121",13.41360374,52.48839787
210976,11,7,7200307.0,2021,3,13,4,3,2,6,0,0,1,0,1,0,0,0,"794934,7163","5824578,991",13.34497981,52.49144527
210975,11,8,8200832.0,2021,5,9,3,3,1,5,0,0,1,0,0,0,0,0,"801499,3033","5817729,224",13.4351917,52.4264629
210974,11,7,7100206.0,2021,3,19,1,3,0,3,0,1,0,0,0,0,1,0,"796112,5526","5824921,606",13.36258167,52.49387887
210973,11,1,1401049.0,2021,4,20,4,3,3,5,2,0,1,0,0,0,0,0,"796346,4098","5831849,905",13.37219024,52.55585726
210972,11,2,2200209.0,2021,3,12,5,3,0,7,0,1,0,0,0,0,0,0,"797102,9566","5824439,211",13.37669683,52.48901651
210971,11,8,8100312.0,2021,5,13,3,3,1,5,0,1,1,0,0,0,0,0,"801464,7265","5824102,005",13.44043804,52.483603
210970,11,4,4501146.0,2021,4,15,1,3,5,7,0,1,1,0,0,0,0,0,"793217,4336","5823926,706",13.31918518,52.48652294
210969,11,4,4100101.0,2021,5,2,2,3,0,1,2,1,0,0,0,0,0,0,"789604,5615","5830350,335",13.27171948,52.54604054
210968,11,11,11300826.0,2021,4,14,4,2,2,7,0,0,1,0,1,0,0,0,"804125,9247","5826815,19",13.48198346,52.5064448
210967,11,5,5300737.0,2021,5,15,1,3,5,2,0,1,1,0,0,0,0,0,"787749,2835","5830017,576",13.24414739,52.54404032
210966,11,4,4400832.0,2021,4,12,4,3,5,3,0,1,1,0,0,0,0,0,"791346,5215","5821988,648",13.29001692,52.47014986
210965,11,3,3400721.0,2021,5,13,6,3,5,3,0,1,0,0,0,0,1,0,"797776,9225","5832954,855",13.3942197,52.56498139
210964,11,6,6200314.0,2021,4,16,2,3,5,3,0,1,0,0,1,0,0,0,"794718,6581","5818101,715",13.33608727,52.43349669
210963,11,4,4200311.0,2021,4,15,5,3,0,7,0,0,0,0,1,0,0,0,"790510,9731","5826554,832",13.28173211,52.51153121
210962,11,8,8100417.0,2021,4,16,4,2,5,3,0,0,1,1,0,0,0,0,"802579,2588","5823086,479",13.45587928,52.47388437
210961,11,5,5400943.0,2021,5,15,4,3,2,6,0,0,1,0,0,0,0,0,"780274,0279","5821118,767",13.12671438,52.46814355
210960,11,5,5100104.0,2021,4,20,4,3,5,3,1,1,1,0,0,0,0,0,"785997,2099","5831721,833",13.21984976,52.56024279
210959,11,5,5200528.0,2021,3,14,3,3,5,2,0,1,1,0,0,0,0,0,"783251,4561","5826372,86",13.17489452,52.51371799
210958,11,2,2100101.0,2021,4,6,5,3,5,2,0,0,1,0,0,1,0,0,"797857,6124","5825641,001",13.38885295,52.49937793
210957,11,1,1300733.0,2021,3,19,7,2,1,5,1,1,1,0,0,0,0,0,"797544,8367","5831285,817",13.38930957,52.55014751
210956,11,2,2300419.0,2021,5,18,4,3,5,3,1,1,1,0,0,0,0,1,"801590,6399","5825952,041",13.44396115,52.50011564
210955,11,1,1401045.0,2021,5,12,3,3,5,2,0,1,1,0,0,0,0,0,"796704,6463","5831624,16",13.37725701,52.55363867
210954,11,12,12601235.0,2021,4,11,6,3,2,6,0,0,1,0,0,0,0,0,"794600,2671","5836264,598",13.35043197,52.5963787
210953,11,9,9401432.0,2021,4,13,3,3,2,2,0,0,1,0,0,0,0,0,"812136,5076","5820183,958",13.593425,52.44249682
210952,11,9,9100408.0,2021,5,5,7,3,5,2,0,1,1,0,0,0,0,0,"806528,6391","5820098,024",13.51110061,52.44489888
210951,11,3,3500934.0,2021,4,17,3,3,9,1,0,0,1,0,0,0,0,0,"800858,641","5832102,317",13.43877534,52.55564581
210950,11,1,1100205.0,2021,3,3,3,2,6,2,2,0,1,1,0,0,0,1,"796972,3391","5826716,618",13.37680948,52.50950218
210949,11,8,8100314.0,2021,4,10,6,3,5,3,0,1,0,0,1,0,0,0,"800367,4853","5824325,521",13.42453002,52.48621115
210948,11,12,12200309.0,2021,5,12,6,3,2,4,0,0,1,1,0,0,0,1,"792886,4102","5832723,419",13.3220724,52.56555971
210947,11,5,5100312.0,2021,5,15,6,3,5,2,0,1,1,0,0,0,0,0,"784488,9296","5830919,965",13.19697306,52.55384341
210946,11,4,4400726.0,2021,3,19,4,3,5,3,0,1,1,0,0,0,0,0,"790852,3043","5823648,922",13.28420991,52.48529773
210945,11,7,7100204.0,2021,4,18,6,3,1,5,0,1,1,0,0,0,0,0,"795501,6469","5824750,513",13.35345779,52.49267624
210944,11,12,12200307.0,2021,3,10,7,3,5,7,0,0,1,0,0,0,0,1,"793538,4047","5834134,31",13.33291274,52.57785631
210943,11,3,3601450.0,2021,5,7,2,3,5,3,0,0,1,0,1,0,0,0,"801940,5269","5829769,365",13.45256417,52.53413696
210942,11,9,9200715.0,2021,5,16,6,3,5,3,0,1,1,0,0,0,0,1,"807398,0468","5818318,354",13.52221575,52.42846095
210941,11,1,1100312.0,2021,5,17,4,3,1,5,0,1,1,0,0,0,0,0,"799257,7479","5826928,986",13.41057499,52.51015685
210940,11,3,3400723.0,2021,4,0,7,3,5,3,2,0,1,0,0,0,0,0,"798603,3798","5833049,902",13.40646191,52.56538069
210939,11,1,1300835.0,2021,5,14,1,3,2,6,0,0,1,0,1,0,0,0,"797173,8421","5830389,456",13.38305215,52.54231524
210938,11,12,12200309.0,2021,4,18,4,3,5,2,0,1,1,0,0,0,0,0,"793041,5728","5832662,813",13.32430149,52.56493291
210937,11,1,1400938.0,2021,3,17,4,3,5,5,0,0,1,0,0,0,0,0,"793834,9646","5830334,752",13.33391226,52.5436357
210936,11,2,2100106.0,2021,4,11,6,3,6,4,0,0,0,1,1,0,0,0,"799178,5505","5825621,932",13.40823704,52.49848444
210935,11,12,12200515.0,2021,4,17,2,2,5,3,0,0,1,0,0,0,0,0,"790373,4114","5834875,346",13.28698656,52.58619774
210934,11,12,12400617.0,2021,5,17,6,3,2,6,0,1,1,0,0,0,0,0,"785768,9057","5836840,089",13.22090473,52.60625133
210933,11,9,9501737.0,2021,4,15,3,3,0,1,0,1,0,0,0,0,0,0,"814206,1082","5821659,548",13.62516187,52.45453442
210932,11,1,1200522.0,2021,3,7,3,3,3,6,0,0,1,0,0,1,0,0,"793684,1213","5828010,129",13.32964032,52.52287806
210931,11,4,4100102.0,2021,4,12,4,3,0,1,0,0,0,0,1,0,0,0,"791173,6885","5829089,183",13.29368868,52.5338981
210930,11,9,9501737.0,2021,5,12,6,1,6,7,0,0,1,1,0,0,0,0,"814150,8154","5821717,553",13.62440539,52.45508598
210929,11,3,3200205.0,2021,4,11,5,2,5,3,0,0,1,0,0,0,0,0,"797907,9131","5835183,724",13.39814908,52.5848884
210928,11,1,1200623.0,2021,3,16,4,3,5,2,0,1,1,0,0,0,0,0,"794957,557","5829449,752",13.34963251,52.5350958
210927,11,10,10100311.0,2021,4,9,7,3,1,5,0,0,1,0,0,0,1,0,"807115,2393","5828067,135",13.52704431,52.51599045
210926,11,12,12400723.0,2021,3,17,1,3,1,5,0,0,1,0,0,0,1,0,"791724,3852","5838951,512",13.31046329,52.62201617
210925,11,11,11300722.0,2021,5,15,2,3,2,6,0,0,1,0,0,0,0,0,"803791,1982","5827705,341",13.47787934,52.51460945
210924,11,10,10200421.0,2021,5,14,6,3,5,3,0,0,1,0,0,0,0,0,"812077,3656","5830608,758",13.60231957,52.53594988
210923,11,6,6400840.0,2021,5,22,4,3,5,2,2,1,1,0,0,0,0,0,"788833,4552","5819602,443",13.25105894,52.45009093
210922,11,2,2400521.0,2021,4,12,7,3,3,6,0,0,1,0,0,0,0,0,"800662,1224","5828466,353",13.43259532,52.52316447
210921,11,2,2300314.0,2021,5,18,7,3,2,6,0,0,1,0,0,0,0,0,"800041,3319","5825751,466",13.42102531,52.49917185
210920,11,6,6200315.0,2021,4,7,3,3,6,4,1,0,1,1,0,0,0,0,"796040,3713","5817525,487",13.35496216,52.4276175
210919,11,8,8100103.0,2021,3,14,4,3,2,7,0,1,1,0,0,0,0,0,"800597,7063","5823187,771",13.42688451,52.47588637
210918,11,3,3500932.0,2021,4,13,7,3,0,2,0,1,1,0,0,0,0,0,"801854,9584","5832900,984",13.45415288,52.56225293
210917,11,1,1300836.0,2021,4,8,2,3,5,3,0,1,1,0,0,0,0,0,"796500,9258","5830346,851",13.37312066,52.54229992
210916,11,7,6100210.0,2021,5,21,1,3,2,6,2,0,1,0,0,0,0,0,"795316,6793","5821012,085",13.34743092,52.45926388
210915,11,6,6300527.0,2021,5,17,7,3,1,7,0,0,1,0,0,0,0,0,"790485,4608","5818084,407",13.27398026,52.43560604
210914,11,3,3601244.0,2021,4,16,3,1,6,7,0,0,0,1,0,1,0,0,"800274,1818","5831567,624",13.42969685,52.55117578
210913,11,10,10100313.0,2021,5,5,3,3,3,6,0,0,1,0,0,0,1,0,"807762,0172","5830720,739",13.5390018,52.53940734
210912,11,11,11200410.0,2021,5,10,6,3,0,1,0,0,0,0,1,0,0,1,"806482,8784","5832264,107",13.52162465,52.55396008
210911,11,3,3601245.0,2021,5,17,5,3,5,3,0,1,1,0,0,0,0,0,"800467,11","5831061,165",13.43207547,52.5465299
210910,11,2,2200210.0,2021,4,19,4,3,5,7,1,0,1,0,0,0,0,0,"798817,7416","5825110,925",13.40247938,52.49410164
210909,11,5,5100104.0,2021,4,8,2,3,5,2,0,1,0,0,0,1,0,0,"785209,4833","5831445,376",13.2080235,52.55817731
210908,11,1,1200623.0,2021,4,12,5,3,1,5,0,0,1,0,1,0,0,0,"794977,8894","5829387,992",13.34987659,52.53453117
210907,11,1,1300836.0,2021,5,18,4,2,1,5,0,1,1,0,0,0,0,0,"796691,9015","5829859,969",13.37549368,52.5378316
210906,11,2,2300419.0,2021,4,15,3,3,2,6,0,0,1,0,0,0,0,0,"801651,0443","5825896,791",13.44479826,52.49958705
210905,11,10,10100313.0,2021,3,13,2,3,2,6,0,0,1,0,0,0,0,0,"807826,1943","5830744,037",13.53996666,52.53957988
210904,11,4,4200311.0,2021,4,11,6,3,5,3,0,1,0,0,0,0,1,0,"790430,1974","5825978,652",13.28004245,52.50640872
210903,11,9,9501939.0,2021,3,15,5,3,6,7,0,0,0,1,1,0,0,0,"810332,2636","5821354,665",13.568053,52.45401518
210902,11,9,9200511.0,2021,5,10,2,3,0,2,0,1,1,0,0,0,0,0,"807848,4591","5822058,364",13.53226524,52.46172628
210901,11,9,9401329.0,2021,4,15,1,3,4,6,0,0,1,0,0,0,0,0,"813726,542","5818857,353",13.61549693,52.42969916
210900,11,1,1100101.0,2021,5,14,2,3,5,3,0,1,1,0,0,0,0,0,"794570,1647","5826081,533",13.34095487,52.50511149
210899,11,9,9300920.0,2021,4,7,4,3,5,2,2,1,1,0,0,0,0,0,"808841,1667","5817390,135",13.54251671,52.41932954
210898,11,8,8401243.0,2021,5,12,7,3,5,3,0,1,0,0,0,0,0,0,"805772,322","5817107,054",13.49727237,52.41851554
210897,11,7,7400823.0,2021,4,23,7,3,1,7,2,0,1,0,1,0,0,0,"797046,1097","5821985,021",13.37367591,52.46704807
210896,11,1,1300732.0,2021,5,20,5,2,6,7,1,0,1,1,0,0,0,0,"797630,5683","5832810,742",13.3919376,52.56376963
210895,11,2,2500831.0,2021,4,15,3,3,5,3,0,0,1,0,1,0,0,0,"802815,9622","5827300,156",13.46318315,52.51152013
210894,11,12,12200310.0,2021,4,18,5,3,6,7,1,1,0,1,0,0,0,0,"792204,5268","5833644,993",13.31285293,52.57418767
210893,11,5,5400943.0,2021,4,11,4,2,5,3,0,0,1,0,0,1,0,1,"779998,7026","5821525,96",13.12301371,52.47193602
210892,11,1,1200522.0,2021,5,15,4,2,1,5,0,1,1,0,0,0,0,0,"794256,5498","5828091,518",13.3381251,52.52329903
210891,11,7,7100101.0,2021,4,10,4,3,2,2,0,0,1,0,0,0,0,0,"794606,4881","5825506,252",13.3409795,52.49993485
210890,11,6,6400838.0,2021,3,16,3,2,5,3,0,1,0,0,0,0,1,0,"787067,6434","5818090,685",13.22384775,52.43746691
210889,11,1,1401046.0,2021,4,18,7,3,5,3,0,0,1,0,0,0,0,0,"794832,7719","5830187,06",13.34845233,52.54177272
210888,11,8,8200623.0,2021,3,12,6,3,5,2,0,1,1,0,0,0,0,0,"802455,8016","5820690,541",13.45189599,52.45247774
210887,11,9,9401329.0,2021,5,10,4,3,2,6,0,0,1,0,0,0,0,0,"814677,0732","5818280,447",13.62888881,52.42398367
210886,11,7,7100205.0,2021,5,20,3,3,2,6,1,0,1,0,0,0,0,0,"796032,7273","5825348,239",13.36178845,52.49774657
210885,11,5,5100312.0,2021,4,16,5,2,6,4,0,0,1,1,0,0,0,0,"784764,2202","5830428,088",13.20060059,52.54928941
210884,11,4,4200308.0,2021,5,10,7,3,2,6,0,0,1,0,0,0,0,0,"790403,3104","5827309,896",13.28080913,52.51835774
210883,11,3,3601245.0,2021,4,19,3,3,5,3,0,1,1,0,0,0,0,0,"800230,7406","5831186,584",13.42871357,52.54778438
210882,11,8,8401241.0,2021,3,17,3,3,5,3,1,1,1,0,0,0,0,0,"804304,1851","5819652,028",13.47806673,52.44214398
210881,11,6,6100205.0,2021,4,14,5,3,5,2,0,0,1,0,1,0,0,0,"794987,7719","5820025,288",13.34173235,52.45059544
210880,11,3,3500934.0,2021,4,11,3,3,0,1,0,0,0,0,0,0,1,0,"800438,4535","5832269,557",13.43274757,52.55737678
210879,11,9,9401635.0,2021,5,20,5,3,3,6,0,1,1,0,0,0,0,1,"817812,5588","5817972,443",13.67455332,52.41941197
210878,11,4,4501043.0,2021,5,17,6,3,2,7,0,0,1,0,1,0,0,0,"792471,0394","5825282,733",13.30941476,52.49907976
210877,11,6,6300526.0,2021,3,21,4,3,0,2,2,0,1,0,1,0,0,0,"789341,9784","5817294,255",13.25652266,52.42912807
210876,11,11,11200514.0,2021,4,11,2,3,1,5,0,0,1,0,0,0,0,0,"804816,9225","5830614,16",13.49561457,52.54010744
210875,11,6,6400843.0,2021,3,12,7,3,5,2,0,0,1,0,0,0,0,0,"791104,6806","5819243,515",13.28407304,52.4456684
210874,11,5,5200631.0,2021,5,18,2,3,1,5,0,0,1,0,0,0,1,0,"784734,0435","5827514,281",13.19766008,52.52318003
210873,11,10,10400940.0,2021,5,13,5,3,5,3,0,0,1,0,0,0,0,1,"812367,6819","5824285,563",13.600653,52.47912047
210872,11,1,1401045.0,2021,5,19,4,3,3,6,0,0,1,0,0,0,0,0,"796699,0948","5831951,332",13.37746779,52.55657442
210871,11,7,7200409.0,2021,4,16,6,3,1,5,0,1,1,0,0,0,0,0,"795838,0255","5824326,337",13.3580213,52.48869163
210870,11,4,4501043.0,2021,5,15,2,3,6,4,0,0,1,1,0,0,0,0,"792777,6399","5825304,208",13.31393734,52.49910787
210869,11,4,4200308.0,2021,4,14,4,3,5,2,0,1,1,0,0,0,0,0,"790210,9262","5827298,062",13.27797148,52.51835407
210868,11,9,9100306.0,2021,3,13,4,3,2,6,0,0,1,0,0,0,0,0,"803786,1832","5820881,645",13.47158731,52.4534529
210867,11,4,4200309.0,2021,5,18,7,3,5,3,0,0,1,0,0,0,0,0,"789091,0121","5827177,988",13.26140831,52.51787242
210866,11,4,4500939.0,2021,4,10,2,3,0,3,0,1,1,0,0,0,0,0,"792204,2753","5824876,433",13.30513975,52.49558027
210865,11,12,12200309.0,2021,5,14,2,3,5,2,0,1,0,0,0,0,1,0,"793492,2332","5832428,374",13.33072369,52.56258855
210864,11,6,6100102.0,2021,5,21,7,3,6,7,2,0,0,1,0,0,1,0,"793538,014","5820450,367",13.32083399,52.45518653
210863,11,5,5100211.0,2021,5,14,3,2,2,2,0,0,1,0,1,0,0,0,"781916,1831","5829567,653",13.15797924,52.54305587
210862,11,9,9200613.0,2021,5,20,7,2,8,1,1,0,1,0,0,0,0,0,"805859,753","5821778,571",13.50282889,52.46033533
210861,11,4,4200311.0,2021,5,13,4,3,0,3,0,1,1,0,0,0,0,0,"790739,7919","5826718,092",13.28523697,52.51287292
210860,11,10,10200420.0,2021,4,17,1,3,5,3,0,0,1,0,0,0,1,1,"811992,6029","5830703,374",13.60116274,52.53684627
210859,11,9,9200819.0,2021,4,14,5,3,5,3,0,0,1,0,0,0,0,0,"810184,628","5820391,587",13.56499302,52.44546814
210858,11,5,5300736.0,2021,4,12,3,3,2,6,0,0,1,0,0,0,0,0,"786818,3557","5829747,14",13.23022394,52.54210658
210857,11,6,7300619.0,2021,4,11,2,3,2,6,0,0,1,0,0,0,0,0,"795121,9441","5821294,351",13.34482269,52.46189942
210856,11,5,5200631.0,2021,5,20,5,3,1,5,2,0,1,0,0,0,0,1,"784792,4452","5826880,086",13.19797555,52.51746333
210855,11,4,4400835.0,2021,4,19,3,3,5,3,0,0,1,0,0,0,0,0,"792825,6448","5821856,686",13.31161407,52.468176
210854,11,3,3300411.0,2021,3,15,1,3,5,3,0,0,1,0,1,0,0,0,"803793,413","5839220,722",13.4884568,52.6178155
210853,11,11,11200515.0,2021,4,15,5,2,1,7,0,0,1,0,0,0,0,1,"805561,7434","5830265,315",13.50624196,52.53656386
210852,11,7,7100102.0,2021,3,22,5,3,6,2,2,0,1,1,0,0,0,0,"795519,8203","5825477,438",13.35436958,52.49918272
210851,11,9,9200715.0,2021,5,6,3,3,0,2,0,1,0,0,0,0,1,0,"809480,6822","5818371,539",13.55279852,52.42776357
210850,11,8,8200832.0,2021,4,19,1,3,1,5,2,1,1,0,0,0,0,0,"801520,8131","5816580,527",13.43447191,52.41615485
210849,11,4,4300416.0,2021,5,20,2,3,0,7,1,0,0,0,1,0,0,1,"791741,0373","5826105,043",13.29941198,52.50684242
210848,11,12,12100205.0,2021,4,18,4,3,5,2,0,0,1,0,0,0,1,0,"793795,136","5832735,895",13.33545168,52.56518191
210847,11,9,9200715.0,2021,5,17,1,3,5,2,0,1,1,0,0,0,0,0,"809404,156","5818446,512",13.55174595,52.42847875
210846,11,8,8300934.0,2021,4,14,7,3,5,2,0,0,1,0,0,0,0,0,"803160,776","5818437,406",13.46019451,52.43189235
210845,11,11,2500835.0,2021,4,18,1,3,2,6,0,0,1,0,0,0,0,0,"803323,0265","5826306,262",13.46972648,52.50233033
210844,11,7,7501134.0,2021,5,14,1,3,2,7,0,0,1,0,0,0,0,0,"799697,4058","5819022,722",13.40992986,52.43904732
210843,11,12,12400721.0,2021,5,13,7,3,5,3,0,0,1,0,0,0,0,1,"790311,9933","5841090,889",13.29153741,52.64195175
210842,11,4,4300620.0,2021,4,8,2,3,5,2,0,1,1,0,0,0,0,0,"794159,5592","5827006,593",13.33574032,52.51362566
210841,11,1,1401043.0,2021,5,13,2,3,2,6,0,0,1,0,0,0,1,0,"795670,0045","5830901,793",13.36139796,52.54772598
210840,11,2,2100104.0,2021,5,11,6,3,5,2,0,1,0,0,0,1,0,1,"799185,1007",5826256,13.4089029,52.50416435
210839,11,2,2400521.0,2021,5,7,5,3,5,2,0,1,0,0,0,0,1,0,"800485,7326","5828469,318",13.43000598,52.52328828
210838,11,3,3601244.0,2021,4,15,2,3,5,3,0,1,1,0,0,0,0,0,"800085,06","5831671,331",13.42700967,52.55220956
210837,11,3,3601244.0,2021,3,14,4,2,5,3,0,1,1,0,0,0,0,0,"800084,1161","5831671,529",13.42699597,52.55221185
210836,11,3,3400618.0,2021,5,7,4,3,3,6,0,1,0,0,0,1,0,0,"796189,5773","5836498,118",13.37403638,52.59760866
210835,11,1,1100207.0,2021,4,15,3,3,5,3,0,0,1,0,1,0,0,0,"798221,3573","5826622,411",13.39507452,52.50797636
210834,11,8,8200832.0,2021,3,16,2,3,2,6,0,1,1,0,0,0,0,0,"801544,055","5817531,435",13.43566958,52.42466538
210833,11,4,4100101.0,2021,4,16,5,3,5,2,0,0,1,0,0,0,0,0,"793352,206","5829681,351",13.32623697,52.53803842
210832,11,12,12200309.0,2021,3,19,5,3,1,5,2,1,1,0,0,0,0,0,"793198,0862","5832620,806",13.32656682,52.56447208
210831,11,6,6300633.0,2021,5,12,2,3,5,3,0,1,1,0,0,0,0,0,"792938,1633","5819048,805",13.3108023,52.44294362
210830,11,2,2100105.0,2021,4,17,7,3,1,5,0,0,1,0,0,0,0,0,"799725,4769","5825784,297",13.41641584,52.49963969
210829,11,8,8100104.0,2021,5,15,2,3,0,1,0,1,0,0,0,0,0,0,"800948,9428","5822315,26",13.43125322,52.46787235
210828,11,6,6300528.0,2021,4,15,4,2,0,6,0,0,1,0,1,0,0,0,"790576,9406","5815193,11",13.27281083,52.40963614
210827,11,11,11300826.0,2021,5,0,7,3,1,5,2,0,0,0,1,0,1,1,"804365,3906","5826857,869",13.4855398,52.50669378
210826,11,12,12200310.0,2021,4,15,1,2,5,2,0,0,1,0,1,0,0,0,"792183,186","5832945,877",13.31192298,52.56793183
210825,11,1,1100102.0,2021,5,18,5,3,2,7,0,0,1,0,0,0,1,0,"796908,4228","5826684,389",13.37584171,52.50924807
210824,11,1,1401045.0,2021,4,13,3,3,2,6,0,0,1,0,0,0,0,0,"796838,7662","5831562,531",13.37917429,52.55301316
210823,11,1,1400938.0,2021,4,12,7,3,2,6,0,0,1,0,0,0,0,0,"793878,5495","5830057,809",13.33430812,52.54112956
210822,11,2,2200209.0,2021,4,16,3,3,5,2,0,1,0,0,0,0,1,1,"797100,5989","5824292,881",13.37653176,52.4877061
210821,11,7,7300515.0,2021,5,15,4,3,5,2,0,1,1,0,0,0,0,0,"793901,0228","5822395,951",13.32787422,52.47243284
210820,11,8,8200622.0,2021,4,15,5,3,0,6,0,0,0,0,0,0,1,0,"801224,3322","5821668,587",13.43471125,52.46192427
210819,11,10,10100209.0,2021,3,7,3,3,2,6,0,0,1,0,0,0,0,0,"809937,6314","5831679,768",13.57187276,52.54676872
210818,11,12,12400618.0,2021,4,10,1,3,0,2,0,1,0,0,1,0,0,0,"785964,148","5839248,384",13.2258623,52.62774037
210817,11,10,10100311.0,2021,3,9,6,3,4,5,0,1,1,0,0,0,0,0,"807551,3097","5828280,264",13.53364738,52.5176548
210816,11,10,10200627.0,2021,5,16,3,3,0,7,0,0,1,0,0,0,0,0,"811261,9852","5829653,875",13.58944277,52.52785915
210815,11,10,10300734.0,2021,5,15,3,3,2,6,0,0,1,0,0,0,0,0,"809634,2576","5826400,953",13.56249886,52.49963453
210814,11,8,8100419.0,2021,4,13,6,3,5,7,0,0,1,0,1,0,0,0,"802105,7012","5824413,594",13.4501308,52.48604155
210813,11,4,4200310.0,2021,5,15,6,3,2,6,0,0,1,0,0,0,0,0,"789970,04","5826237,357",13.27350703,52.50897283
210812,11,7,7501029.0,2021,4,14,4,3,2,6,0,0,1,0,0,0,0,0,"797478,2589","5819282,246",13.37761086,52.44258528
210811,11,7,7100102.0,2021,3,12,3,3,5,7,0,0,1,0,1,0,0,0,"795442,1162","5825720,689",13.35344403,52.50140535
210810,11,7,7601544.0,2021,4,5,5,3,5,3,2,1,1,0,0,0,0,1,"799062,0912","5814264,64",13.39635928,52.39674452
210809,11,2,2400623.0,2021,4,12,3,3,6,4,0,0,1,1,0,0,0,0,"800578,0552","5827053,002",13.43008312,52.51054257
210808,11,9,9401635.0,2021,5,15,2,3,5,3,0,1,0,0,0,0,0,0,"819487,204","5818434,732",13.69953656,52.4225792
210807,11,9,9501939.0,2021,3,19,3,3,2,6,0,0,1,0,0,0,1,0,"809661,4615","5821479,075",13.55832821,52.45551052
210806,11,11,11300721.0,2021,4,11,2,2,0,3,0,0,1,0,0,0,1,0,"804944,259","5828708,831",13.49573853,52.52295978
210805,11,3,3601245.0,2021,5,16,2,3,5,2,0,0,1,0,0,0,0,0,"800606,2795","5831407,648",13.43443524,52.54955872
210804,11,2,2200210.0,2021,5,20,4,3,5,3,2,0,1,0,0,0,0,0,"798032,8728","5824847,806",13.39071748,52.49217221
210803,11,3,3701554.0,2021,5,22,4,3,1,5,2,0,1,0,1,0,0,0,"798941,5151","5829965,844",13.40865899,52.53755126
210802,11,2,2200212.0,2021,4,9,6,3,5,2,0,1,1,0,0,0,0,0,"800269,3621","5824383,639",13.42314167,52.48678606
210801,11,5,5100317.0,2021,3,16,4,3,5,2,0,1,1,0,0,0,0,0,"785306,6709","5828678,392",13.20707626,52.533318
210800,11,4,4400727.0,2021,5,19,1,3,5,2,0,0,1,0,0,0,0,1,"790958,9948","5823027,337",13.28523416,52.47966833
210799,11,9,9100306.0,2021,5,13,4,3,2,5,0,0,1,0,0,0,0,0,"804338,1858","5819725,367",13.4786322,52.44278238
210798,11,2,2300418.0,2021,4,9,4,2,5,5,0,1,1,0,0,0,0,0,"801137,9028","5825081,498",13.4365248,52.49256278
210797,11,1,1300733.0,2021,3,8,4,2,5,3,0,0,1,0,0,0,1,0,"797075,8775","5831681,599",13.38276775,52.55395119
210796,11,1,1200517.0,2021,5,13,2,3,0,7,0,1,0,0,0,0,0,0,"793542,3113","5828158,422",13.32768706,52.52428379
210795,11,8,8200622.0,2021,4,13,2,3,5,3,0,1,1,0,0,0,0,0,"801651,4128","5821579,973",13.44089828,52.46089442
210794,11,12,12601236.0,2021,5,15,2,3,2,6,0,0,1,0,0,0,0,0,"794327,444","5836333,187",13.3464767,52.59714127
210793,11,3,3601141.0,2021,5,11,2,3,5,2,0,0,1,0,0,0,1,0,"798990,3381","5831802,613",13.41103012,52.55398832
210792,11,1,1200520.0,2021,5,20,6,3,1,5,1,1,1,0,0,0,0,1,"794139,1252","5828450,758",13.33671709,52.52658276