ObjectID,State,District,LOR_ab_2021,AccidentYear,AccidentMonth,AccidentHour,DayOfWeek,AccidentCategory,AccidentType,AccidentTypeDetail,LightingCondition,InvolvingBike,InvolvingCar,InvolvingPedestrian,InvolvingMotorcycle,InvolvingHGV,InvolvingOther,RoadCondition,GraphicCoord1,GraphicCoord2,LongitudeWGS84,LatitudeWGS84
113916,11,1,1100205.0,2021,7,17,4,3,2,6,0,0,1,0,0,0,0,0,"797358,9895","5826784,894",13.38255087,52.50990357
113913,11,1,1100102.0,2021,7,22,7,3,5,3,2,0,1,0,1,0,0,0,"796685,1806","5826205,673",13.37213533,52.50507831
113911,11,9,9100306.0,2021,10,22,2,3,3,6,2,0,1,0,0,0,0,0,"802958,3056","5821204,852",13.45973473,52.45680927
113910,11,3,3100101.0,2021,11,18,5,3,5,3,2,0,1,0,0,1,0,1,"800023,6129","5841267,32",13.43479936,52.63825378
113908,11,12,12500930.0,2021,9,19,7,3,6,4,1,0,1,1,0,0,0,0,"794259,2418","5834719,723",13.34403949,52.58271477
113905,11,7,7400822.0,2021,4,17,2,3,2,6,0,0,1,0,0,0,1,0,"796543,9048","5822546,582",13.36680398,52.47235478
113902,11,3,3601245.0,2021,3,20,3,3,3,6,2,0,1,0,1,0,0,0,"800285,5053","5831424,6",13.42973401,52.54988759
113901,11,3,3701657.0,2021,7,18,5,3,0,2,0,0,1,0,1,0,0,0,"800130,5574","5830128,415",13.42628454,52.53835491
113899,11,7,7501133.0,2021,10,15,7,3,2,6,0,0,1,0,0,0,0,0,"797658,2914","5818656,799",13.37969474,52.43688081
113898,11,10,10400940.0,2021,12,15,1,3,5,2,1,0,1,0,0,0,0,2,"812051,6407","5827139,845",13.59868752,52.50487908
113897,11,10,10100208.0,2021,8,16,5,3,2,6,0,0,1,0,0,0,0,0,"808355,7135","5832139,592",13.54904507,52.55178719
113894,11,7,7200410.0,2021,2,14,7,3,3,6,0,0,1,0,0,0,1,0,"795670,8793","5823984,931",13.35526391,52.48572175
113891,11,7,7501029.0,2021,6,14,3,2,5,2,0,1,0,0,0,1,0,0,"797711,4212","5818773,865",13.38057827,52.43790126
113889,11,2,2500727.0,2021,9,8,6,3,6,4,0,1,0,1,0,0,0,0,"802078,422","5827981,262",13.45296662,52.51803382
113888,11,4,4200207.0,2021,5,12,3,3,3,6,0,0,1,0,0,1,0,0,"789358,7249","5824196,141",13.26275116,52.49099735
113887,11,3,3601142.0,2021,8,17,3,3,6,4,0,0,1,1,0,0,0,0,"799141,8645","5830371,034",13.41196893,52.54107324
113883,11,4,4200310.0,2021,7,13,1,2,5,2,0,0,1,0,1,0,0,0,"789058,2875","5826144,211",13.26002937,52.50862164
113881,11,2,2500729.0,2021,10,19,4,3,2,6,1,0,1,0,0,0,0,0,"803530,8843","5827589,209",13.4739491,52.51371351
113880,11,2,2400522.0,2021,11,16,4,3,2,6,1,0,1,0,0,0,1,1,"801989,1203","5827747,748",13.45144259,52.51599028
113878,11,11,11100101.0,2021,5,10,7,2,0,2,0,1,1,0,0,0,0,0,"803673,7617","5835110,014",13.48292472,52.5810402
113875,11,12,12100103.0,2021,1,17,4,3,2,6,2,0,1,0,0,0,0,1,"795361,3438","5833732,089",13.35937835,52.57326443
113871,11,3,3601452.0,2021,4,23,1,3,5,2,2,1,1,0,0,0,0,0,"801258,7816","5829405,19",13.44221364,52.53125006
113870,11,3,3701660.0,2021,6,13,4,3,3,6,0,1,1,0,0,0,0,0,"800023,9197","5829000,467",13.42369884,52.52830346
113867,11,7,7400823.0,2021,12,20,2,3,3,6,2,0,1,0,0,0,0,1,"797007,2192","5822367,511",13.37344559,52.47049787
113866,11,3,3701660.0,2021,5,6,6,1,5,2,0,1,0,0,0,1,0,1,"800024,7394","5829001,809",13.4237121,52.52831503
113865,11,6,6400735.0,2021,8,17,6,3,3,6,0,1,1,0,0,0,0,0,"782559,5473","5815789,371",13.15576321,52.41917968
113863,11,1,1100310.0,2021,9,10,4,3,3,6,0,0,1,0,1,0,0,0,"799317,7318","5827925,227",13.41235235,52.51905376
113861,11,5,5200528.0,2021,3,18,6,3,1,6,1,0,1,0,1,0,1,0,"783371,7942","5826550,245",13.17681416,52.51524595
113858,11,11,11300722.0,2021,6,14,2,3,2,6,0,1,0,0,0,0,1,0,"803756,026","5827566,926",13.47723628,52.51338847
113856,11,3,3601348.0,2021,9,0,3,3,1,7,2,0,0,0,0,0,1,0,"799757,3223","5830266,534",13.42092254,52.53979834
113855,11,9,9100305.0,2021,11,9,2,3,5,2,0,1,1,0,0,0,0,1,"805143,3845","5822573,107",13.49304428,52.46785689
113854,11,5,5400943.0,2021,8,13,7,3,2,6,0,0,1,0,0,0,0,0,"780324,4931","5822427,415",13.12855526,52.47985216
113850,11,4,4300622.0,2021,7,17,5,3,3,6,0,1,1,0,0,0,0,0,"793297,948","5826819,812",13.32291539,52.51241525
113849,11,1,1100102.0,2021,10,3,1,3,1,5,2,0,1,0,0,0,1,0,"794670,5496","5827091,519",13.34332373,52.51411115
113848,11,7,7300619.0,2021,12,13,5,3,0,1,0,0,1,0,0,0,0,0,"795226,2555","5822482,944",13.34740521,52.47249805
113845,11,10,10400941.0,2021,1,16,3,3,3,6,1,0,1,0,0,0,0,1,"813108,7796","5827194,449",13.61426306,52.50476281
113841,11,3,3601449.0,2021,6,7,2,2,5,2,0,1,1,0,0,0,0,0,"801349,9014","5831004,321",13.44500308,52.54553283
113837,11,4,4400830.0,2021,5,5,2,3,3,1,0,0,1,0,1,0,0,1,"792233,3624","5823671,011",13.30450984,52.4847583
113836,11,6,6100209.0,2021,6,12,6,3,5,3,0,0,1,0,1,0,0,0,"793980,3893","5821079,647",13.32787965,52.46059003
113835,11,7,7400822.0,2021,8,13,4,3,2,6,0,0,1,0,0,0,0,0,"796410,0071","5822617,175",13.36490119,52.47306026
113828,11,6,6400737.0,2021,7,14,2,3,2,6,0,0,1,0,0,0,0,1,"785110,6664","5817825,075",13.19491077,52.43610912
113826,11,12,12500930.0,2021,10,7,7,3,2,6,0,0,1,0,0,0,0,0,"794062,5","5835083,432",13.34146688,52.58608152
113825,11,3,3100103.0,2021,11,16,3,3,8,1,2,0,1,0,0,0,0,0,"804018,9002","5839791,332",13.49230175,52.62280342
113824,11,3,3601142.0,2021,9,19,1,3,6,7,2,0,0,1,0,0,1,0,"799165,5195","5830386,469",13.41233059,52.5411986
113821,11,1,1400940.0,2021,4,15,3,3,5,3,0,0,1,0,0,0,0,0,"795878,7165","5832059,099",13.36549833,52.55798677
113818,11,2,2500727.0,2021,3,11,7,3,5,3,0,0,1,0,0,0,0,0,"802179,496","5827736,933",13.45422977,52.51578791
113817,11,2,2200208.0,2021,10,18,6,3,0,6,1,0,1,0,1,0,0,1,"797902,6958","5825412,229",13.38931051,52.49730265
113816,11,3,3701657.0,2021,12,20,5,3,6,4,2,0,1,1,0,0,0,0,"800308,328","5830044,185",13.42882165,52.537502
113815,11,7,7400824.0,2021,9,4,3,3,5,2,2,0,1,0,1,0,0,0,"797846,2167","5822366,008",13.38575927,52.47002761
113814,11,9,9100101.0,2021,8,15,2,2,5,3,0,1,1,0,0,0,0,0,"802590,1085","5825063,979",13.45783338,52.4916027
113809,11,3,3500936.0,2021,7,11,5,3,6,7,0,0,0,1,0,0,1,0,"801734,4907","5831347,181",13.45096878,52.54839302
113808,11,3,3400831.0,2021,10,11,3,3,3,6,0,0,1,0,0,0,0,1,"800089,0887","5834010,184",13.42918414,52.57317104
113807,11,11,11401034.0,2021,12,16,2,3,6,4,1,0,1,1,0,0,0,0,"807032,8251","5827407,475",13.52522501,52.51012491
113804,11,7,7601236.0,2021,1,17,2,3,0,4,2,0,1,1,0,0,0,0,"796598,5349","5816001,83",13.36179668,52.41365677
113800,11,4,4200206.0,2021,6,8,2,3,2,6,0,0,1,0,0,0,1,0,"786900,7981","5825814,415",13.2280433,52.50680375
113796,11,3,3701660.0,2021,5,14,6,3,2,6,0,0,1,0,1,0,0,0,"800236,1166","5829300,887",13.42708873,52.5308794
113795,11,4,4100101.0,2021,6,13,6,3,8,1,0,0,0,0,0,1,0,0,"791342,981","5830116,809",13.2970785,52.54302014
113794,11,10,10400837.0,2021,8,15,4,3,3,6,0,0,1,0,1,0,0,0,"810835,1682","5827085,102",13.58077169,52.50508284
113788,11,12,12200414.0,2021,7,11,7,2,2,6,0,0,1,0,0,0,0,0,"792008,3427","5831662,671",13.30822137,52.55652214
113786,11,10,10300733.0,2021,10,14,6,3,5,2,0,1,0,0,0,0,1,0,"808919,3608","5827408,194",13.55293543,52.50906635
113785,11,2,2200208.0,2021,11,11,1,3,3,6,0,0,1,0,0,0,0,0,"797845,912","5825453,267",13.38851321,52.4977015
113784,11,1,1400940.0,2021,8,16,5,3,5,3,0,0,0,0,1,0,1,0,"795861,8624","5832068,404",13.36525874,52.55807933
113781,11,4,4200310.0,2021,4,15,7,3,6,7,0,0,1,1,0,0,0,0,"790093,9188","5826324,644",13.27540327,52.5096895
113778,11,4,4400725.0,2021,3,15,5,2,0,1,0,0,0,0,1,0,0,0,"790654,8988","5825005,97",13.28249478,52.49756891
113777,11,4,4400830.0,2021,10,16,4,3,2,6,0,0,1,0,0,0,0,0,"792086,4517","5823811,362",13.3024755,52.48609514
113776,11,7,7200308.0,2021,12,16,5,3,2,6,1,0,1,0,0,0,1,1,"795442,4543","5823380,505",13.35137406,52.48042716
113775,11,3,3400826.0,2021,9,20,2,2,1,7,2,0,1,0,0,0,0,0,"799013,0198","5832469,23",13.41196419,52.55995105
113773,11,7,7400825.0,2021,2,10,4,3,1,5,0,0,0,0,0,0,1,1,"797803,4882","5820887,344",13.3838127,52.45679628
113769,11,9,9100407.0,2021,6,9,3,3,2,6,0,0,1,0,0,0,0,0,"805528,8572","5818954,379",13.49539089,52.43520839
113764,11,6,6300526.0,2021,5,11,2,3,5,3,0,0,1,0,0,0,1,0,"788347,6989","5817736,879",13.24232108,52.43362144
113763,11,3,3601449.0,2021,8,7,4,3,3,6,0,1,0,0,0,0,0,0,"800923,2181","5830455,722",13.43823296,52.5408515
113759,11,3,3500936.0,2021,7,21,1,3,0,1,2,0,0,0,1,0,0,1,"802331,4924","5831590,578",13.45996794,52.55024357
113756,11,1,1100102.0,2021,7,11,2,2,6,4,0,0,1,1,0,0,0,0,"796420,8567","5826329,908",13.36836301,52.50633564
113754,11,2,2200209.0,2021,10,19,2,2,1,1,2,0,1,0,0,0,0,0,"797753,426","5824432,172",13.3862423,52.48859903
113753,11,1,1100102.0,2021,11,13,7,2,6,4,0,1,0,1,0,0,0,0,"796313,2512","5827367,509",13.36770602,52.51569519
113751,11,4,4300621.0,2021,9,16,6,3,0,5,0,0,1,0,0,0,1,0,"791917,5986","5826625,352",13.30246233,52.51141245
113748,11,3,3500936.0,2021,4,8,6,3,5,7,0,0,1,0,0,0,1,0,"802496,4263","5831674,059",13.46246906,52.55090024
113745,11,7,7601236.0,2021,3,16,3,3,2,6,0,0,1,0,0,1,0,0,"796665,6382","5816009,466",13.36278717,52.41368886
113744,11,1,1401044.0,2021,7,14,3,3,2,6,0,0,1,0,0,0,1,0,"796162,1273","5831070,949",13.36878515,52.54897497
113742,11,7,7501133.0,2021,10,18,6,2,5,2,2,1,1,0,0,0,0,1,"798585,6138","5817932,488",13.39264889,52.42988274
113741,11,11,11401032.0,2021,12,9,7,3,2,6,0,0,1,0,0,0,0,2,"805671,3256","5827389,123",13.50520915,52.51072501
113740,11,3,3200204.0,2021,5,19,2,1,9,7,0,0,0,0,1,0,0,0,"797451,1856","5838512,052",13.39441799,52.61497212
113739,11,12,12100204.0,2021,8,14,1,3,5,2,0,0,1,0,0,0,1,0,"795683,5255","5832880,435",13.36335937,52.56545526
113738,11,2,2500727.0,2021,9,18,5,3,0,1,0,1,0,0,0,0,0,0,"802178,3702","5827742,285",13.45421809,52.51583651
113735,11,11,11300722.0,2021,3,8,4,3,5,2,0,1,1,0,0,0,0,0,"803770,06","5827581,632",13.47745587,52.51351245
113732,11,2,2400625.0,2021,6,15,4,2,5,7,0,0,1,0,1,0,0,1,"801820,575","5826375,311",13.4477218,52.50378233
113730,11,3,3601347.0,2021,9,15,6,3,5,3,0,1,0,0,0,0,1,0,"799315,2719","5830350,078",13.41449934,52.54079017
113729,11,5,5200528.0,2021,8,19,7,3,5,2,0,1,1,0,0,0,0,0,"783515,5714","5826713,216",13.17906614,52.51663247
113726,11,2,2500727.0,2021,7,17,4,3,5,2,0,1,1,0,0,0,0,0,"802149,1684","5827728,344",13.4537764,52.51572773
113724,11,3,3601348.0,2021,10,16,3,2,1,5,0,0,1,0,1,0,0,0,"799699,0741","5830256,103",13.42005685,52.53973689
113723,11,6,6300527.0,2021,12,13,6,3,5,7,0,0,1,0,1,0,0,0,"790598,8254","5818546,926",13.2760453,52.43969241
113722,11,12,12100103.0,2021,5,11,3,3,1,5,0,1,1,0,0,0,0,0,"795452,897","5833509,92",13.36052743,52.5712232
113719,11,7,7300619.0,2021,1,22,6,3,2,7,2,0,1,0,0,0,0,1,"794891,7907","5822250,122",13.34228955,52.4705916
113715,11,10,10300734.0,2021,6,10,2,2,0,1,0,1,0,0,0,0,0,0,"810141,0446","5827126,361",13.57061624,52.50584757
113711,11,12,12100101.0,2021,5,12,6,3,5,3,0,1,1,0,0,0,0,0,"795798,1854","5832426,135",13.36464104,52.56132063
113710,11,1,1100102.0,2021,8,13,1,3,6,7,0,1,0,1,0,0,0,0,"796235,4647","5827354,572",13.36655154,52.51562148
113708,11,3,3400828.0,2021,9,15,2,3,4,6,0,1,0,0,0,0,0,0,"800173,7813","5832247,945",13.42883567,52.55732901
113706,11,7,7300619.0,2021,3,13,7,3,2,6,0,0,1,0,0,0,1,0,"795958,2436","5822695,07",13.35833861,52.47400349
113703,11,1,1100205.0,2021,6,18,4,3,0,1,0,0,0,0,1,0,0,1,"797360,8525","5826785,207",13.38257852,52.50990536
113701,11,9,9200613.0,2021,9,10,2,3,5,2,0,1,1,0,0,0,0,0,"806132,4183","5821621,494",13.50668551,52.45877487
113700,11,4,4300413.0,2021,11,12,2,3,2,6,0,0,0,0,1,0,1,0,"790724,2147","5827065,871",13.28531194,52.51599907
113699,11,3,3601245.0,2021,8,12,3,3,6,4,0,0,0,1,0,0,1,0,"800152,9008","5830829,651",13.42724652,52.54462798
113694,11,1,1100310.0,2021,7,11,7,3,3,6,0,0,1,0,1,0,0,0,"798998,6522","5827506,886",13.40728785,52.51547897
113693,11,7,7300619.0,2021,10,10,4,3,5,3,0,1,1,0,0,0,0,0,"795626,3198","5823227,51",13.35393795,52.47895617
113692,11,7,7501133.0,2021,12,22,6,3,0,7,2,0,1,0,1,0,0,0,"798586,5786","5817930,163",13.39266096,52.42986137
113689,11,1,1400940.0,2021,1,6,4,3,5,3,2,0,1,0,0,0,0,1,"795861,5418","5832070,19",13.36525561,52.55809552
113685,11,1,1400940.0,2021,6,18,2,3,0,3,0,0,1,0,1,0,0,0,"795877,854","5832063,731",13.36548977,52.55802876
113681,11,1,1100310.0,2021,5,18,3,3,2,6,0,1,0,0,0,0,0,0,"799351,6666","5827959,614",13.41288192,52.51934336
113680,11,2,2200208.0,2021,8,15,5,3,2,6,0,0,1,0,0,0,1,0,"797551,7136","5825538,615",13.38426849,52.49862703
113673,11,7,6100102.0,2021,7,16,4,3,2,6,0,0,1,0,1,0,0,0,"793536,0885","5820423,04",13.32078171,52.45494259
113671,11,4,4300414.0,2021,10,14,3,3,2,6,0,0,1,0,0,0,0,1,"791528,1128","5826538,375",13.29666321,52.51084102
113670,11,3,3601449.0,2021,11,7,2,3,5,2,0,1,0,0,0,0,1,0,"801384,1147","5831063,767",13.44556002,52.54604672
113669,11,3,3701657.0,2021,9,15,4,3,5,2,0,1,1,0,0,0,0,0,"800375,5095","5830010,762",13.42977898,52.5371654
113666,11,1,1300836.0,2021,4,14,4,3,2,6,0,0,0,0,1,0,1,0,"796217,738","5830223,685",13.36884728,52.54134988
113663,11,4,4501148.0,2021,3,16,2,3,2,6,0,0,1,0,0,0,0,0,"792492,7818","5823423,77",13.30810234,52.48240293
113662,11,1,1100310.0,2021,10,15,1,3,6,4,0,1,0,1,0,0,0,0,"799176,5428","5828378,368",13.4106853,52.52319297
113661,11,9,9100101.0,2021,12,17,6,3,3,6,1,0,1,0,0,0,0,0,"802708,5276","5825238,108",13.45973042,52.49309777
113660,11,10,10300733.0,2021,9,9,3,3,0,2,0,1,1,0,0,0,0,0,"809512,6043","5827387,952",13.56162991,52.50854872
113658,11,1,1400940.0,2021,2,19,7,3,5,3,2,0,1,0,0,0,0,0,"795878,3374","5832061,135",13.36549457,52.55800522
113654,11,4,4300621.0,2021,6,12,3,3,6,4,0,1,0,1,0,0,0,0,"792506,751","5826702,76",13.31118698,52.51179079
113650,11,9,9100101.0,2021,5,12,1,3,2,6,0,0,1,0,1,0,0,0,"802655,8587","5825197,002",13.45891967,52.49275854
113649,11,4,4300415.0,2021,8,7,3,3,3,6,0,0,1,0,0,1,0,0,"790670,9783","5826088,496",13.28367596,52.50726525
113645,11,12,12100204.0,2021,7,15,3,3,5,2,0,1,1,0,0,0,0,0,"795765,9585","5832697,209",13.36440864,52.56376804
113643,11,6,6300527.0,2021,10,13,4,3,5,2,0,1,1,0,0,0,0,0,"789775,4388","5817982,853",13.26347695,52.4350722
113642,11,4,4200311.0,2021,11,15,7,3,2,6,0,0,1,0,0,0,0,1,"790517,8552","5825629,021",13.28102525,52.50322759
113638,11,11,11300724.0,2021,4,7,2,3,2,7,0,0,1,0,0,0,0,0,"804270,3487","5827529,781",13.484758,52.51276889
113635,11,4,4200310.0,2021,3,8,3,3,5,2,0,1,1,0,0,0,0,0,"790257,9787","5826350,682",13.27783658,52.50983567
113634,11,12,12200414.0,2021,6,22,7,3,2,6,2,0,1,0,0,0,0,0,"791992,1397","5831630,884",13.30795508,52.55624586
113632,11,12,12100204.0,2021,10,18,7,3,3,6,2,0,1,0,0,0,0,0,"795760,202","5832644,628",13.36427709,52.56329983
113630,11,7,7501133.0,2021,8,13,4,3,2,6,0,0,1,0,0,0,0,0,"797443,6015","5817826,813",13.37580746,52.42955756
113629,11,11,11401034.0,2021,9,8,2,2,3,6,0,0,1,0,1,0,0,0,"807050,8849","5827403,582",13.52548669,52.51007985
113625,11,3,3601142.0,2021,2,18,4,2,3,6,1,1,0,0,0,0,0,0,"799155,376","5830366,311",13.41216331,52.54102348
113622,11,9,9100101.0,2021,6,19,7,3,0,7,0,1,0,0,0,0,0,0,"802771,6009","5825358,88",13.46076636,52.49414526
113620,11,3,3601347.0,2021,9,16,3,3,1,5,0,1,1,0,0,0,0,0,"799211,1017","5830354,994",13.41297236,52.54089145
113619,11,4,4300622.0,2021,11,16,4,3,2,6,1,0,1,0,1,0,0,0,"792774,473","5826769,436",13.31517937,52.51224488
113618,11,7,7200411.0,2021,8,12,2,3,2,6,0,0,1,0,0,0,0,1,"795941,5231","5824469,069",13.3596679,52.48991502
113612,11,11,11401032.0,2021,2,8,4,3,2,6,0,0,1,0,0,0,0,1,"805726,9102","5827386,867",13.50602357,52.51067364
113608,11,9,9100305.0,2021,6,16,5,3,5,2,0,1,1,0,0,0,0,0,"805147,852","5822568,757",13.49310587,52.46781541
113603,11,1,1100310.0,2021,5,2,4,3,0,7,2,0,0,0,0,0,1,0,"799557,908","5828277,886",13.41619904,52.52208292
113602,11,1,1100207.0,2021,8,14,7,3,5,2,0,0,1,0,1,0,0,0,"798637,6107","5827034,471",13.40155916,52.51144223
113598,11,7,7601236.0,2021,7,8,5,3,6,4,0,1,0,1,0,0,0,0,"796596,77","5815997,917",13.36176734,52.41362265
113595,11,1,1300836.0,2021,7,18,3,3,5,2,0,1,1,0,0,0,0,0,"796252,0582","5830134,24",13.36927211,52.54052944
113593,11,7,7601442.0,2021,10,16,5,3,1,5,0,1,1,0,0,0,0,0,"799668,425","5815299,067",13.4061695,52.40568548
113592,11,4,4100101.0,2021,11,15,6,3,2,6,0,0,1,0,0,0,0,0,"791471,057","5830489,575",13.29928885,52.54629341
113590,11,12,12500926.0,2021,9,7,3,3,0,2,0,1,1,0,0,0,0,0,"793624,4451","5835746,964",13.33560779,52.59226624
113587,11,3,3601449.0,2021,4,13,4,3,5,2,0,0,1,0,0,0,0,0,"801344,29","5830999,574",13.44491627,52.54549338
113584,11,9,9100101.0,2021,4,15,1,3,2,6,0,0,1,0,0,0,0,0,"802658,6337","5824998,053",13.45877971,52.49097383
113583,11,1,1400940.0,2021,7,19,1,3,5,3,1,0,1,0,0,0,0,1,"795877,854","5832063,731",13.36548977,52.55802876
113581,11,12,12500927.0,2021,10,22,4,3,2,6,2,0,1,0,1,0,0,0,"793385,3393","5836326,472",13.33260156,52.59759017
113580,11,2,2500727.0,2021,12,18,5,2,1,1,2,0,1,0,1,0,0,2,"802507,7059","5827694,122",13.45901286,52.51522226
113579,11,7,7501133.0,2021,8,18,3,3,6,7,0,1,0,1,0,0,0,0,"798444,8515","5818208,725",13.39083121,52.4324357
113578,11,3,3100101.0,2021,9,13,6,3,2,6,0,0,1,0,0,0,0,0,"799920,2043","5839552,16",13.4317193,52.62293779
113574,11,3,3400826.0,2021,2,12,4,3,2,6,0,0,1,0,0,0,0,0,"798913,8249","5832644,46",13.41066311,52.56157618
113571,11,4,4300415.0,2021,6,15,3,3,2,6,0,0,1,0,0,0,0,0,"790678,7929","5826111,117",13.28381053,52.50746389
113569,11,9,9100409.0,2021,9,15,4,3,3,6,0,0,1,0,0,0,1,0,"806651,0996","5818267,603",13.5112177,52.42842525
113568,11,3,3200309.0,2021,11,17,4,3,2,6,1,0,1,0,0,0,0,0,"800463,4912","5835659,399",13.43618711,52.5877466
113567,11,3,3601449.0,2021,8,15,6,3,0,7,0,1,0,0,0,0,0,1,"801351,6051","5831005,763",13.44502944,52.54554481
113564,11,9,9200613.0,2021,7,10,2,3,3,6,0,0,1,0,1,0,0,0,"806109,4532","5821644,577",13.50636974,52.45899462
113563,11,9,9100305.0,2021,10,15,5,3,5,2,0,0,1,0,0,0,0,1,"805146,8003","5822569,781",13.49309137,52.46782518
113562,11,1,2400520.0,2021,12,9,4,3,2,6,0,0,1,0,0,0,0,0,"799794,0354","5828680,675",13.42003195,52.5255635
113561,11,1,1100102.0,2021,5,12,7,3,2,1,0,0,1,0,0,0,0,0,"796499,0549","5826542,146",13.36970082,52.50819564
113558,11,12,12200414.0,2021,1,14,4,3,2,6,0,0,1,0,0,0,0,1,"791968,4","5831584,047",13.30756472,52.55583871
113554,11,2,2500727.0,2021,6,19,3,3,3,2,0,0,1,0,0,0,0,0,"802578,0963","5827687,057",13.46004059,52.51511989
113550,11,7,7501133.0,2021,5,17,4,3,5,2,0,1,1,0,0,0,0,0,"798728,3281","5817527,577",13.39438007,52.42617526
113549,11,6,6300527.0,2021,8,20,3,2,5,2,1,0,1,0,0,0,0,0,"790295,5035","5818369,091",13.27144105,52.43825917
113547,11,2,2500833.0,2021,9,7,7,3,0,1,0,1,0,0,0,0,0,0,"802103,1156","5827497,889",13.45289057,52.51368767
113545,11,1,1100102.0,2021,3,12,2,3,4,6,0,1,0,0,0,0,0,0,"796616,2921","5826723,439",13.37158471,52.50975703
113542,11,3,3601451.0,2021,6,7,1,3,5,3,0,1,1,0,0,0,0,0,"800843,094","5830324,333",13.43693611,52.53971807
113540,11,2,2100101.0,2021,9,15,5,2,5,3,0,0,1,0,0,0,1,0,"797884,511","5825496,457",13.38911875,52.49806758
113539,11,4,4200308.0,2021,11,17,5,3,2,6,2,0,1,0,0,0,0,1,"790463,1568","5828452,297",13.28268642,52.52856753
113538,11,4,4300622.0,2021,8,12,5,3,3,2,0,0,1,0,0,0,0,1,"793310,3805","5826832,171",13.32310896,52.51251936
113533,11,4,4200311.0,2021,10,10,3,3,2,6,0,0,1,0,0,0,0,0,"790493,6473","5826371,263",13.2813173,52.50989473
113532,11,10,10300734.0,2021,12,9,5,3,2,6,0,0,1,0,0,0,0,0,"810524,882","5827089,981",13.57621942,52.50530324
113529,11,12,12100103.0,2021,2,10,3,3,5,2,0,0,1,0,0,0,0,1,"795336,6228","5833746,109",13.35902712,52.57340351
113525,11,2,2500727.0,2021,6,15,5,3,5,2,0,1,1,0,0,0,0,0,"802584,2849","5827686,436",13.46013094,52.51511089
113521,11,4,4200206.0,2021,5,14,5,3,2,6,0,0,1,0,0,0,0,0,"786805,2005","5825836,489",13.22665767,52.50705193
113520,11,2,2200208.0,2021,8,15,5,3,5,3,0,0,1,0,0,0,0,0,"797862,8619","5825448,146",13.38875758,52.49764635
113513,11,12,12200414.0,2021,7,8,4,3,3,6,0,0,1,0,0,1,0,1,"791692,5004","5831037,462",13.30302646,52.55108656
113511,11,12,12200414.0,2021,10,10,3,3,0,1,0,0,1,0,0,0,1,1,"792125,144","5832354,93",13.31054869,52.56266535
113510,11,7,7300619.0,2021,11,19,5,2,2,6,1,0,1,0,0,0,1,1,"795217,878","5822882,537",13.34763591,52.47608466
113509,11,1,1100310.0,2021,9,0,6,3,0,3,0,1,1,0,0,0,0,0,"799595,725","5828279,342",13.41675606,52.52207519
113506,11,4,4400726.0,2021,4,15,7,3,2,6,0,0,1,0,0,0,1,0,"790759,2992","5824874,79",13.28391383,52.49633726
113503,11,7,7200411.0,2021,3,18,7,3,5,7,1,0,1,0,0,0,0,1,"795777,294","5824122,452",13.35694852,52.48689687
113502,11,5,5200633.0,2021,10,8,2,3,3,6,0,0,1,0,0,1,0,0,"783997,5052","5826585,725",13.18604051,52.5152386
113501,11,4,4100102.0,2021,12,17,4,3,0,1,2,0,0,0,1,0,0,0,"791515,6378","5829160,495",13.29877824,52.53435461
113500,11,1,1100310.0,2021,9,13,5,3,2,6,0,0,1,0,1,0,0,0,"799143,5315","5827695,111",13.40958575,52.51708669
113498,11,9,9100101.0,2021,2,14,1,3,3,6,0,0,1,0,0,0,1,0,"802639,5762","5825174,744",13.45866036,52.49256807
113494,11,3,3601451.0,2021,6,14,7,3,6,4,0,0,1,1,0,0,0,0,"800669,7316","5829887,461",13.43399234,52.53589799
113490,11,7,7501030.0,2021,5,11,2,3,5,2,0,0,1,0,1,0,0,0,"797881,8893","5820440,63",13.38456464,52.45274925
113489,11,4,4200308.0,2021,8,14,2,3,2,6,0,0,1,0,0,0,0,0,"790410,9859","5827792,487",13.28134328,52.52268011
113485,11,4,4300621.0,2021,7,18,5,3,5,2,0,1,1,0,0,0,0,1,"792099,6982","5826634,753",13.30514625,52.51139924
113483,11,1,1100310.0,2021,10,10,2,3,0,5,0,1,1,0,0,0,0,0,"799718,7545","5828551,49",13.4188092,52.52444696
113482,11,3,3601449.0,2021,11,7,4,3,5,2,0,1,1,0,0,0,0,1,"800962,1727","5830516,493",13.43886066,52.54137468
113480,11,12,12200414.0,2021,6,21,7,2,4,6,2,0,1,0,1,0,0,0,"791627,26","5830861,15",13.30191213,52.5495409
113477,11,9,9100101.0,2021,1,22,2,3,5,3,2,0,1,0,0,0,0,1,"802582,7769","5825085,785",13.45774553,52.49180222
113474,11,6,6400737.0,2021,4,21,2,3,2,6,2,0,1,0,0,1,0,0,"786967,5297","5820573,407",13.224512,52.45977913
113473,11,3,3601142.0,2021,6,16,2,3,5,2,0,1,1,0,0,0,0,0,"799165,6822","5830373,56",13.41232135,52.5410828
113471,11,7,7400927.0,2021,11,13,3,3,3,6,0,0,1,0,0,1,0,0,"799325,3695","5821545,467",13.40673386,52.46186414